theme,judge,award,points,contents,author,x_url,judge_comment,license
透明,ぷくぷく,特選,100,しづかなる四月の窓はとりどりのたましひたちの色を透かして,有村桔梗,https://x.com/chattenoire_k,先ず、この歌の言葉、文字、音のつらなりに惚れ惚れといたしました。四月というのは教室や職場、様々な場所で期待や不安、それこそ色とりどりの思いがうずまく季節ですよね。窓には境界としての性質があります。この歌の場合、自他の境界という意味を強く帯びていそうです。人々はまだよく分からない他人の内側を、境界を静かに保ったまま、やはり自分の内側から透かし見ている。新鮮だけれど緊張感ある四月の空気が、爽やかかつ幽玄、そして実に的確に表現された作品ではないでしょうか。,CC BY-NC-ND 4.0
透明,ぷくぷく,入選,50,蜂蜜がかたむくような静けさで死んでしまった夢のあること,村田真央,https://x.com/maomurataxyz,蜂蜜のビンを傾けると液面は時間をかけてとろとろと動きやがて水平に至り静かになる。夢の破れ方にもいろいろあります。突然あっけなく幕が下ろされてしまう場合もあれば、生活や仕事を続けているうちに次第に離れていきついぞ叶わなくなる夢もある。この歌の場合は後者であると思うのですが、上述の蜂蜜のイメージと重なることで、主体がその夢とすごしてきた時間の長さが豊かな臨場感をもって伝わってきます。きっと、夢が叶わなかったことをしっかりと受け入れて、今は蜂蜜のように透明な心持ちなのだろうな、そう思いました。,CC BY-NC-ND 4.0
透明,ぷくぷく,入選,50,透明な真珠を足でどけながらきみの言語がもうわからない,小石岡なつ海,https://x.com/7snooze,具体的な歌の背景は明示されていないのですが、確かな強さをもって刺さってきた歌でした。小さな真珠、それも透明な、を足で扱うのとても煩わしい作業となりそうですが、ともかく上句から主体は何か穏当ならざる心理的状態にあるのだと感じます。それは、きみが言っていることを理解しようとすることから発生しているのですが、ちがう言語かと思われるほど、主体にはきみの言葉がわからない。そのことへの焦燥と諦念が、幻想的でどこか妖艶なイメージを纏いながら心に直接響いてくるような感覚を持ちました。,CC BY-NC-ND 4.0
透明,ぷくぷく,佳作,20,さっきまで透明だったこの部屋をスイッチひとつで夜が満たした,村川愉季,https://x.com/sonatine_yuki,スイッチひとつで部屋を満たすものとしては普通は光を思うのではないでしょうか。そこを、夜が満たした、としたことで、部屋の外側にある闇の密度が際立って伝わってきます。,CC BY-NC-ND 4.0
透明,ぷくぷく,佳作,20,自動ドアをきれいに磨きすぎたので頭をぶつける人が絶えない,汐留ライス,https://x.com/RCodome,一読し、いや、どんだけ磨くんだよ！と、ツッコんでいました。ということは私はこの歌にしてやられたということになるのでしょう。「絶えない」とかしれっと言って、みんなが頭をぶつけている状態で放置しているらしいところもじわじわ面白いです。,CC BY-NC-ND 4.0
透明,ぷくぷく,佳作,20,ねえきみの寝癖はそういう花みたい透明な蝶絡ませながら,塩本抄,https://x.com/tankanosio,単に「花みたい」とか「薔薇みたい」なのではなく、「そういう」花、というのがいいなと思いました。つまり、主体は「きみの寝癖みたいな花」が、この世のどこかにありそうだと感じているのです。可愛らしさの中にもちょっとした狂気が匂い立つのを感じる好きな歌です。,CC BY-NC-ND 4.0
透明,ぷくぷく,佳作,20,透明なインクで記す日記にも嘘を混ぜたりして忙しい,宇祖田都子,https://x.com/shinnsyutu2020,透明なインクで日記を書く、というのは今日一日を振り返り反芻することであると捉えました。別に誰に見せるわけでもないのに、そこにも嘘を混ぜてしまう。それを、あたかも単純な作業をしているかのように淡々とした語り口で言っているのが、どことなくユーモラスな感じを醸していていいなと思いました。,CC BY-NC-ND 4.0
透明,ぷくぷく,佳作,20,炭酸を炭酸水から抜くような都営地下鉄Ａ１出口,ぶりきのかに,https://x.com/buriki_tanka,炭酸を抜かれた炭酸水は当然ただの水になりさがるのですが、そのことに喩えることにより、本来大切なはずのある物の名前がただの記号になってしまうことの味気なさが良く伝わってきます。都営地下鉄Ａ１出口が７７で定型にすっとおさまるのが実に気持ちいいです。,CC BY-NC-ND 4.0
透明,ぷくぷく,佳作,20,透きとおる硝子に指紋付けるのがこわくて私あの子がきらい,ゆかりごはん,https://x.com/iam_yukarigohan,とてもドキっとさせられた歌です。「透きとおる硝子」は無垢で繊細で大切なものの象徴と思います。「こわくて」「きらい」という率直な表現が痛々しさに拍車をかけます。,CC BY-NC-ND 4.0
指先,坊　真由美,特選,100,指先の棘がほろほろ泣きだした五円の輪など押し当てられて,塩本抄,https://x.com/tankanosio,指先に刺さったままの棘。本来ならばすぐに抜いてしまいたいだろう。けれども小さな痛みを伴う棘の存在が作者を生かすことだってあるのだ。痛みを伴っても過去の悲しい記憶と共に生きることを選んでいても、時期が来ればその思い出を忘れ去る努力を自らの意志でしなくてはならない。だから五円玉の穴を押し付けて棘の先端を押し出し、それを抜こうとする。けれども思い出は忘れ去られることを必死に拒んでほろほろと泣き出してしまうのだろう。指先の棘という微小なものを擬人化して心情を現した比喩がすばらしく、五円の穴という無機質な質感に「ご縁」という音をかけて新たな人間関係のスタートによって過去の記憶を清算しようとしている物語も想像できる歌でした。,CC BY-NC-ND 4.0
指先,坊　真由美,入選,50,背骨からきみは点字をよむようにしてわたくしを本にしてゆく,なにもない子,https://x.com/nanimo_naiko,恋人の丁寧な愛撫を「点字を読むように」と表現し、それに応じて主体がひとつの物語として完成していく姿が美しく、身体の内側のざわめきが感じられる性愛の表現が素敵でした。三句と四句目の句またがりが指先の動きのテンポを表現しているようで美しい。,CC BY-NC-ND 4.0
指先,坊　真由美,入選,50,初めての社交ダンスの指先で 子らは真っ直ぐ鍵盤を押す,ねずみ,https://x.com/mouse_not_mouth,ピアノの連弾あるいはピアニカの発表会の様子などを想像しつつ読みました。初めの音が出る直前までの一瞬を切り取ってあり、演奏する子供とそれを見守る大人たちの緊張感まで感じられ、また「社交ダンス」の比喩に作者の子供たちへの愛しい気持ちがにじみ出ています。,CC BY-NC-ND 4.0
指先,坊　真由美,入選,50,指先に水の重みをはかりつつ備前の花器に芍薬をさす,後藤たり,https://x.com/tali_log_x,水切りのため、芍薬の花を水平に持っているのでしょう。大きな花とそれを支える茎の中にずっしりと含まれた水分は生命力そのもの。切り花となっても強く命を生きている様子がしっかりと水の重みで表現されて、それをさらに引き立てる備前焼の花器の質感までもがしっかりと伝わってきます。,CC BY-NC-ND 4.0
指先,坊　真由美,入選,50,そよそよと白米を研ぐ指先は砂場遊びの夢を見ている,早春,https://x.com/saharurara,慣れた手つきで白米を研いでいるのでしょうが、心はなんだか上の空。白昼夢を見ているような、または幼き日の自由な空を飛んでいるようなそんな気分を想像させる一首でした。指先が夢を見ているという表現がなんとも不思議で静寂の中で空想に迷い込んでいる様子が古い映画のワンシーンのよう。,CC BY-NC-ND 4.0
指先,坊　真由美,佳作,20,やわらかき桃皮のような指先が凛と広げる折鶴の羽,叭居,https://x.com/minamika7575,幼い子供たちが柔らかな指先で平和のための折り鶴を折っている。完成した折り鶴の翼を広げるときそのなかの祈りの気持ちが翼竜のように広がる。ふにゃふにゃの桃皮と翼の直線の対比。,CC BY-NC-ND 4.0
指先,坊　真由美,佳作,20,指先からマヨネーズが出ますと言って実際出したが面接は落ちた,汐留ライス,https://x.com/RCodome,本当にそう言ったはずはないでしょうが本当に言ったように思わせるのは四句目のぶっとび感と、それに続くやたら現実味あふれる結句のせいでしょう。私ならこんな応募者は絶対に採用します。,CC BY-NC-ND 4.0
指先,坊　真由美,佳作,20,箸を持つ編み棒を持つ肩をもむ痛むところをぎゅっと押さえる,山野たみ,https://x.com/daigakuimo3717,何気ない日常の動作をスライドのように見たあと下の句に移った瞬間、主体の心の苦しさが伝わってくる。押さえても心の痛みは変わらないけれどそこに痛みがあることから逃れられない。,CC BY-NC-ND 4.0
指先,坊　真由美,佳作,20,マエストロがピアニッシモを示すよう寿司職人は芽ねぎをのせる,間　由美,https://x.com/yumiaida83,羽毛を操るような指揮棒の動きに例えられた職人のしっとりとした指先。決して手抜きをしない右手人差し指の動きとカウンター越しに息をのんでそれを見守る主体の静かな数秒を切り取っている。,CC BY-NC-ND 4.0
指先,坊　真由美,佳作,20,微笑んで画面を撫でるその先の世界で私はどこにいますか,冷茶猫,https://x.com/Chacoldy,自分へ微笑んではくれない相手の持つスマホ画面の中に、ふたりの実世界よりももっと広い国が広がっているよう。虚と実の世界のスケール感が一気に反転する。私はいまここにいるのに、と。,CC BY-NC-ND 4.0
指先,坊　真由美,佳作,20,指先のふと触れあった僕たちの友情はまだ成立してる,とかげまろぅ,https://x.com/tokagemarou,指先が触れた瞬間にお互いの恋心が電気信号のように伝わってしまった。けれども二人はまだ恋に進展することに臆病で互いの気持ちを気づかないふりをしている。「まだ」ならば、いずれ。,CC BY-NC-ND 4.0
指先,坊　真由美,佳作,20,罰ゲームみたいな朝の快速で親指だけが生き生きしてる,ケムニマキコ,https://x.com/qeiV97pW0x5342,満員電車に押し込められた人々はすべて罰ゲームを耐えている共同体だけれど、指先がスクロールするスマホ画面には個々の好きな世界が広がり親指はまるで動けない身体の代わりにそこで踊っている。,CC BY-NC-ND 4.0
指先,坊　真由美,佳作,20,皆さんが殺しました親指で画面越しの指殺人です,別木れすり,https://x.com/leslie_bekkie,ネットの誹謗中傷、それに軽々「いいね」を押す行為。何気ないクリック一つも束となれば人を自死へ追い込むことになる。無数の親指たちがまるでのっぺらぼうのように現れる鋭い社会詠。,CC BY-NC-ND 4.0
指先,坊　真由美,佳作,20,洗剤で荒れた母の指先　病室でだんだん綺麗になった,水野惑,https://x.com/madoimizuno,働き者で頑張り屋さんだった母が入院をした。身体はどんどん弱くなっていくのにまるで指先は時の流れを逆らうように美しくつやつやしてくる。いびつなリズムと結句の過去形が悲しい結末を想像させて切ない。,CC BY-NC-ND 4.0
指先,坊　真由美,佳作,20,悲しみを拭ったままの指先でついでみたいに愛して下さい,待花つみき,https://x.com/tsumiki_hana,片思いの相手が失恋をしていまだにその傷が癒えていない。前の恋人を愛したままでもいいから、自分へ振り向いてほしいという主体の切ない恋心が四句目と結句の「下さい」にあふれている。,CC BY-NC-ND 4.0
恋の短歌,toron*,特選,100,熱中症ってゆっくり言ってわたくしは舌の動きを見ていますから,パイン井,https://x.com/pine_i_i,"「熱中症」と言う必要がある場面って意外とないので、場面の設定の仕方が新鮮で想像がかきたてられました。
主体がほんとうに熱中症になってしまったとも読めますが、個人的には意中のひとと一緒にいたことでいつもよりテンパってしまって「大丈夫？熱中症？」などと言われたのかと読みました。
また「熱中症ってゆっくり言って」と相手に向かって言ったかどうかは微妙で、自分のなかで願望として留めているのだと思いました。だとしても主体のなんとなく普通じゃない状態だけれど妙に冷静な文体は、けっこう恋への思いつめ方としてリアルなのではないかな、と。
「わたくし」という一人称にも熱に浮かされた感じや、自分の理性が少し剥がれかけて内側の願望が見えかけている雰囲気を加味させていていいですね。
相手への熱量の大きさと、それに拍車をかけさせる「夏」という季節の魔物感も盛り込めていて、魅力的な歌でした。",CC BY-NC-ND 4.0
恋の短歌,toron*,入選,50,ローファーのつま先ばかり光ってた友のなくした恋をきく時 ,月夜の雨,https://x.com/moonnight_rain,"上の句の具体性が抜群に良かったです。「つま先ばかり」で主体がうつむいていたことも解りますし、「光ってた」にはそんな友がまぶしいものであるような、また「友」をなぐさめながらも若干のうらやましさもありそうな、複雑な心象を描くことに成功しています。
「なくした」は「失くした」であり「亡くした」でもあるのかな、と。それゆえに失恋というよりは思いを告げないままに終わってしまった恋なのかとも感じました。
過去形ですので、そういった友や自分自身をふくめて振り返ってみれば
既になつかしく、いい意味で冷静な視点があることも、この歌をいい歌にしていると思います。",CC BY-NC-ND 4.0
恋の短歌,toron*,入選,50,奮わないビンゴみたいな錠剤のシートとっとくからまたおいで,深川泳,https://x.com/ef_eiei,"「奮わないビンゴみたいな錠剤のシート」というアイテムに半分以上の文字数を費やした潔さ、またそのアイテムの選択の目新しさに惹かれました。
保健室のようなシーンも思い浮かびましたが、やはり主体の家なのかな、と読みました。
たまに鎮痛薬などを飲んでしばらく主体の家で休んでいく……相手はそういうセーフティハウス的な場所として主体の家を使っているのかな、と。
その気安さから、逆に相手からは恋愛関係として見ていなさそうですが、「奮わないビンゴ」のシートも時間をかければすべてビンゴになり得ることもあります。
主体は今の関係性もそれなりに大事にしていそうで、「またおいで」と言えるおだやかな人柄も印象的でした。",CC BY-NC-ND 4.0
恋の短歌,toron*,入選,50,花がすき　なんですきかはわからんが同じ原理で君に惹かれる,サ行,https://x.com/Ns4HhpKEzA10870,"初句はとてもストレートで、それゆえにその無防備さに警戒してしまうのですが、「なんですきかはわからんが」の、素の自分が出ているような二、三句目に緊張をゆるめられる歌でした。
「花」がきらいな人間はそんなにいなさそうですが、それゆえに誰かが誰かに惹かれることは自然である、というふうにも読めました。
また具体的な花の名前ではないことが、主体があまり花に詳しくなさそうな印象を抱かせ、ほんとうに君にたいして惹かれる理由が漠然としていて、どうなりたいということもまだ考えていなさそうです。
それはまだ「恋愛」としてカテゴライズする前の淡く透明な、ほんの一時期の感情を掬い上げているように感じました。",CC BY-NC-ND 4.0
恋の短歌,toron*,佳作,20,カーテンの中で隠れて手をつなぐ僕たちはふくらみ続けてる,琴里梨央,https://x.com/cotori_rin,,CC BY-NC-ND 4.0
恋の短歌,toron*,佳作,20,平静を装い話す目の奥で 泳ぐ魚　だんだん群れを成して,キクラゲ,https://x.com/kikura_ge,,CC BY-NC-ND 4.0
恋の短歌,toron*,佳作,20,ケーキならチーズケーキを選ぶって知っているけど友達のまま,葉月ままこ,https://x.com/hazukimamako,,CC BY-NC-ND 4.0
恋の短歌,toron*,佳作,20,おはようをジェンガのように積み重ね崩せぬままの3年でした,アゲとチクワ,https://x.com/age_to_chikuwa,,CC BY-NC-ND 4.0
恋の短歌,toron*,佳作,20,あの人が卵料理の容量でかけたりといたりしてきた呪い,東あり,https://x.com/ohiya_gokuri,,CC BY-NC-ND 4.0
恋の短歌,toron*,佳作,20,好きなのはチーズじゃなくてトムだってジェリーもいつか言えたらいいね,全美,https://x.com/ZENMIN15,,CC BY-NC-ND 4.0
恋の短歌,toron*,佳作,20,夢という夢にあなたはいなくって朝日に揺れるうぶ毛の確かさ,たもち,https://x.com/moguru_komoro,,CC BY-NC-ND 4.0
恋の短歌,toron*,佳作,20,あやとりをしながら祖母は初恋を答え合わせのように語った ,真名井ひゅう,https://x.com/near_by_citrus,,CC BY-NC-ND 4.0
恋の短歌,toron*,佳作,20,"ラー油を目に入れたみたいな
夕焼けだ
花
ちぎってもちぎっても恋",結城熊雄,https://x.com/yuki_kumao,,CC BY-NC-ND 4.0
傷,熊谷　友紀子,特選,100,いくつもの傷痕をもつ僕たちはどんな版画になるのだろうか,アゲとチクワ,https://x.com/age_to_chikuwa,深い傷は一度ついてしまったら、半永久的に肌膚にとどまりつづけてしまうが、そんな傷の痕跡そのものを版画と云う藝術作品に概念的に昇華している点が見事であると感じた。〈僕〉ではなく〈僕たち〉、人称が複数形であることによって、表現の世界がある種の空間的なひろがりをみせている。傷というものの内包する豊かな一側面を垣間見たような気がして、特選とさせていただいた。それにしても、傷を版画に変化させるというと、どのような版画作品なのかがとても気になる。パウル・クレー版画のような純粋で透明度の高いものなのだろうか。そこが読解の深みとなり、読者を一首の世界に惹きこむのだ。,CC BY-NC-ND 4.0
傷,熊谷　友紀子,入選,50,わたしの心臓に傷を書きなさい青い絵の具で赤く　つめたい,短歌パンダ,https://x.com/tankapanda,青い絵の具なのに赤い、本来は補色（赤の補色は緑だが）関係にあるはずの色同士の置換によってもたらされる恍惚さがこのうたの美点である。心臓はまぎれもなく赤いマテリアルであり、拍動を刻む真っ赤な心臓にはどんな絵の具で傷を書いても結果的に血液で赤く塗りつぶされてしまう。その残酷さ、イノセントさに透明なうつくしさを感じた。つめたい、という結句も好ましく、作品の上品な毒々しさをうまく纏め上げている。生きている、熱があるからこそ、冷たい。,CC BY-NC-ND 4.0
傷,熊谷　友紀子,入選,50,綺麗でしょう私が私であるために必要だった傷跡すべて,睡密堂,https://x.com/suimitudou16,初句「綺麗でしょう」にすべての一首のエネルギーが内包されており、思わず力強く頷いてしまいそうになる。〈私が私であるために〉とあるから、主体は＜私＞が存在するためのレーゾンデートルとなるほど無数の傷を負っているという見立てが成立するが、そんなものはものともしないような初句の凛とした強さにこころをつかまれた。傷はたましいのドレスコードであり、肉体は傷だらけのたましいを活ける為めの花瓶として、どこまでも美しい。,CC BY-NC-ND 4.0
傷,熊谷　友紀子,入選,50,死にたくて向かった海の煌めきで目を灼くこれを自傷とします,久方リンネ,https://x.com/hisakatanote,"希死念慮にとらわれている主体が海の煌めきに見出したある種の救済としての自傷行為の発見。率直に云って目をひらかせられるものがあった。
鬱のときには何もかもが輝いて（通段の精神の形態ではみえないものがみえるようになるということ）みえると云う話を聞くが、この一首に於ける主体もそのような甘美な地獄のただ中にいる。海の煌めきが傷となるという発想の逆転・ねじれが素晴らしい。きずひとつない透明・無垢な水平線こそ、主体にとっての痘痕傷となるのだ。",CC BY-NC-ND 4.0
傷,熊谷　友紀子,入選,50,継いだ金さけてもれだす花あかり皮膚にまとわり服を織る初夏,Takaaki,https://x.com/_words_vox,＜金継ぎ＞＜花あかり＞＜初夏＞などの名詞の屹立した感性の美しい歌。継いだ金、とは「金継ぎ」、割れたり欠けたりした器を漆と金粉を使って修復する日本の伝統技術のことだとおもうが、それが花あかりに転じると云う。ある種の心象風景が水彩画のように感覚のなかで滲み、清新な印象を与える。,CC BY-NC-ND 4.0
傷,熊谷　友紀子,佳作,20,傷口は見せてあげないだあれにも　白鍵　黒鍵　白鍵　黒鍵,サ行,https://x.com/Ns4HhpKEzA10870,,CC BY-NC-ND 4.0
傷,熊谷　友紀子,佳作,20,何度めの恋でもいいよぼくだけがきみの小指を傷つけたんだ,水也,https://x.com/m_iya_o,,CC BY-NC-ND 4.0
傷,熊谷　友紀子,佳作,20,寿命だと牡丹が散ってゆくように欠片になった花器は戻らぬ,りんか,https://x.com/love_kei_ina,,CC BY-NC-ND 4.0
傷,熊谷　友紀子,佳作,20,心なら心の傷が分かるって心があれば分かると思う,宇祖田都子,https://x.com/shinnsyutu2020,,CC BY-NC-ND 4.0
傷,熊谷　友紀子,佳作,20,「かわいい」を身に受ける度芯中へ細やかに裂き緑陰の薔薇,月階柚,https://x.com/tsukishina_yuzu,,CC BY-NC-ND 4.0
傷,熊谷　友紀子,佳作,20,泣いている小さなわたし抱きしめる　無視してごめん痛かったのに,小湊すい,https://x.com/sui_k_,,CC BY-NC-ND 4.0
傷,熊谷　友紀子,佳作,20,瘡蓋を剥がす痛みに似てきみに渡せなかった手紙をひらく,まさけ,https://x.com/mskpompomfuwa23,,CC BY-NC-ND 4.0
傷,熊谷　友紀子,佳作,20,春の傷は深いほどに夏の陽を強く通して君を光らす,千代染ひすみ,https://x.com/hismiy_,,CC BY-NC-ND 4.0
傷,熊谷　友紀子,佳作,20,ふられし傷　その刹那さえ　美しく　さざめく若葉　祈りめきたり,日野一歩,,,CC BY-NC-ND 4.0
傷,熊谷　友紀子,佳作,20,わからなさがあるならそれは敵わなさ　絶えない傷のようなあなたに,小川未夜子,https://x.com/empire_2ki,,CC BY-NC-ND 4.0
自転車,橙田千尋,特選,100,向こうからおでこ近づく向こうから見ればわたしもおでこ自転車,後藤たり,https://x.com/tali_log_x,"今回たくさんの自転車の歌を読んだ中で、最終的に「おでこ自転車」が記憶に残りつづけたように思います。語感の良さに加えてこのフレーズには、絵本に出てくるキャラクターを思わせるようなユーモラスさがあります。

　「自転車」同士ですれ違うときの歌だと読みました。「向こうから」誰かが近づいてきて、「おでこ」に視線が置かれる。三句・四句で相手の視線が想像され、結句で相手と「わたし」がどちらも「自転車」に乗っていたことが明かされる。この語順も面白かったです。

　人間を構成するパーツの割合として「おでこ」はそれほど大きくありません。それでも、歌に出てくる人物の中ではおでこが印象に残っているようです。相手のパーツのうち印象的な箇所だけが残り、それが「自転車」と組み合わさることでキャラクター性の獲得まで到達できるのだなと、この歌を読んでいて思いました。",CC BY-NC-ND 4.0
自転車,橙田千尋,入選,50,自転車でこけた私のすぐ横を通っていった車の赤さ,せんぱい,https://x.com/tenran_harugiri ,"様々な状況を引き連れてくる「赤さ」という単語が、歌の魅力を支えていると感じました。

　歩いて転ぶよりも、「自転車」で転ぶほうがより痛そうです。怪我の具合が深刻すぎると、その印象だけで歌が止まりそうですが、この歌では「こけた」を使うことで読み手に必要以上の深刻さを与えずに三句以降を読み進められるように思います。

　歌を読む限り、「自転車でこけた私」に気づいた人はいたとしても、声をかけた人はいなかったように思います。私を気にかけずに「すぐ横を通って」いく「車の赤さ」は、「こけた」ことで負ったであろう傷の赤さや、道端で「こけて」しまったことによる恥ずかしさを同時に想起させます。そういった様々な「赤さ」を、通った車の色だけでこちらに伝えてくるところがこの歌の魅力的な部分だと感じています。",CC BY-NC-ND 4.0
自転車,橙田千尋,入選,50,前カゴのゲームボーイが跳びはねて夏休みって全然ながい,きいろい,https://x.com/kiroi_iorik,"2つの異なる時間の長さが重なっていくところが印象に残りました。

　自転車の「前カゴ」は不安定なのになぜか精密機器を入れがちです。歌に出てくる人物も、精密機器を入れているという意識が薄いからか「ゲームボーイが跳びはねて」います。上句ではこの跳びはねた瞬間が切り取られています。

　対して下句では、「ゲームボーイ」が跳びはねる瞬間を包むように幼い頃の夏休みの果てしなさが詠われています。2つの異なる時間が重なることで、瞬間と果てしなさの両方を味わうことができました。

　子どもの頃の夏休みは確かに「全然ながい」ですね。大人になってからと比べて中身も詰まっている気がします。「全然ながい」というフレーズによって、短い夏休みを知った現在が入り込むような印象も受けました。",CC BY-NC-ND 4.0
自転車,橙田千尋,佳作,20,わたくしがわたくしの帆を揚ぐるとき駐輪場のひだまり静か,有為,https://x.com/sayukisheena,"「わたくしがわたくしの帆を揚ぐる」という表現が魅力的でした。

　上句の意味を取るのに少し時間を要しましたが、自転車で上半身が伸びるような体勢をとっていると解釈しました。上半身が「帆」に喩えられることで、伸び上がる体の様子だけでなく、身体が受けている風まで想像させるところが面白いと思います。

　下句の「ひだまり静か」も、自分以外誰もいない駐輪場に陽がさしている様子を思い起こさせてくれます。個人的に、静けさを帯びているものは涼しい／冷たいものが多いような気がしています。しかし歌の中の情景がはっきりと浮かぶため、確かにひだまりも静けさを帯びているよなと認識することができました。",CC BY-NC-ND 4.0
自転車,橙田千尋,佳作,20,前カゴに花をのせればあなたへと駆ける花瓶に変わる自転車,もりなこ,https://x.com/mori_7_2,"歌から想像できるスピード感と、「花瓶」が「自転車」に変わるという言い切りの強さが相乗効果を生んでいるように感じました。

「花瓶」は多くの場合、安定した場所に置かれます。また、水を入れることもあるので漏れ出さないような材質になっています。対して「前カゴ」は地面の形状によって揺れますし、水は漏れるので「花瓶」からは遠いもののように思えます。

　それでも「花をのせれば」「花瓶に変わる」と言い切る。その強さに「駆ける」がもたらすスピード感が合わさって、読んでいて「自転車」は「花瓶に変わる」んだなと納得させられました。韻律もスピード感を損なわない形で歌に味方していると思います。",CC BY-NC-ND 4.0
自転車,橙田千尋,佳作,20,自転車で日ごと遠くへこぎゆけば父の目を見て話せなくなる,山口絢子,https://x.com/sorapoky,"「自転車で日ごと遠くへ」行くようになることと、「父の目を見て話せなくなる」こと。この二つが接続されるところに面白さを感じました。

　成長するにつれ、行動範囲は広がります。遠くへ出かけることで気分が高まる感覚は、自分にも覚えがあります。しかしどんなに遠くへ行っても、自宅に戻り家族とコミュニケーションをとることになりますし、鬱陶しさを感じるようにもなります。

　歌の中に出てくる二つの状況は、直接的な関係を持ちません。しかしポジティブ／ネガティブな感情を生み出す状況が歌の中で接続されることで、思春期・反抗期に起こる心の揺らぎが、歌の中で表現されているように思いました。",CC BY-NC-ND 4.0
肉,土居 文恵,特選,100,懐の夕焼けひとつ取り出して中濃ソースをぽつりと垂らす,やまぐちわたる　,https://x.com/arayuruyuruyuru,"「懐の夕焼けひとつ」に詩情がある。この歌のなかで「懐」はきっと自身の肉体や精神世界を表しており、肉体を離れた瞬間に「ひとつ」と数えられる儚い存在に変貌を遂げる。「夕焼け」という時間帯からも何かしらの後悔や心残り、郷愁などが伺える。

そこに落とした一滴の中濃ソースは、何かしらのピリオドのようで切ない。",CC BY-NC-ND 4.0
肉,土居 文恵,入選,50,わたくしが私である証明に押した朱肉の血のごとき赤,ベーグル,https://x.com/hakka_kinoko,印鑑の上下の向きは、天地とも表現される。結句の「血のごとき赤」からも啓示めいたものを感じたが、歌の腰にある「証明」という表現からも、何か人生を左右するような重要な契約書類に押した印であると読んだ。名を印で押すとき、自身を投影させた分身を生み出したような感覚に陥ったのであろう。歌全体の雰囲気がミステリアスで魅力的。,CC BY-NC-ND 4.0
肉,土居 文恵,入選,50,たんぽぽの綿毛のように肉体を離れて芽吹く人のやさしさ,浅寝むい,https://x.com/asanemutee,「やさしさ」とは、放たれた瞬間にその人の肉体を離れるという鋭い観察眼。また、それを「たんぽぽの綿毛」と表現した比喩が巧みな一首。「やさしさ」という広義な表現も、「綿毛」というモチーフと上手く呼応している。,CC BY-NC-ND 4.0
肉,土居 文恵,入選,50,夏の陽に目を細めれば夕さりを乞われてわれは檸檬の果肉,塩野抄,https://x.com/tankanosio,"夏の一日は長く、なかなか夕焼けがやってこない感覚に陥ることがある。「目を細める」ことは少し自身の夏の日差しを和らげる行為。それを「夕さりを乞われて」と表現したのだと読んだ。檸檬は他の果実に比べてもいつまでも固い印象で、その中の果肉は、厚い皮に閉ざされて何かを待ったままである。切なさと美しさが調和した一首。
",CC BY-NC-ND 4.0
肉,土居 文恵,入選,50,｢国破れて山河あり｣青椒肉絲お前の名に見る絶景,川瀬十萠子,https://x.com/nagikawase,本来ならその場ですぐに食べられて終わりであるはずの青椒肉絲。冒頭の杜甫の詩の「国」のように、消え失せてしまう存在であるにも関わらず、その立派な漢字の並びだけを見ると確かに中国の草木深い風景が浮かんでくる。名前を得るということは「消えないもの」に変化することなのかも知れないと気付かされた一首。,CC BY-NC-ND 4.0
肉,土居 文恵,佳作,20,肉の体まちがいさがしの片方の絵の中にいるみたいなひずみ,白石ポピー,https://x.com/shiraishipoppy,,CC BY-NC-ND 4.0
肉,土居 文恵,佳作,20,アガベアロエユーフォルビア水と愛は少しでいい陽だまりがあれば,古井　朔,https://x.com/saku_furui,,CC BY-NC-ND 4.0
肉,土居 文恵,佳作,20,肉骨血毛爪集めて作ってよ僕に憎しみもう混ぜないで,深上鴻一,https://x.com/KouichiFukagami,,CC BY-NC-ND 4.0
抱く,汐見りら,特選,100,不良には不良の３月過ぎゆくを想う緑野の群れに抱かれて,ぶりきのかに,https://x.com/buriki_tanka,人間が誰か・何かを抱く歌が多く寄せられた中で、主体が「緑野の群れ」という大いなる存在に抱かれているこちらの一首は存在感を放っていました。おそらく主体とは距離がある存在である「不良」に対して想像を巡らせながら、しかしくっきりとした像が浮かばない様は、「緑野」という曖昧さとひろさを持つ言葉とよく響き合っています。人生の岐路や別れを連想させる「3月」を持ってきたのも良いですね。全体的に語選びが上手い作品だと感服し、特選に選ばせていただきました。,CC BY-NC-ND 4.0
抱く,汐見りら,入選,50,どの花を抱いても赤い花言葉ばかりが胸で散って それだけ,よしなに,https://x.com/yoshinani_tanka,「赤い花言葉」という表現が血のイメージを引き連れて想像力をかき立てます。恋愛に関わる言葉でしょうか。抱いても胸で散ってしまう切なさ、あるいは虚しさを、「それだけ」と受け止める主体の距離のとり方に惹かれました。,CC BY-NC-ND 4.0
抱く,汐見りら,入選,50,ポテチ・月・友情・あなた 抱きしめるたびにちいさく欠けてゆくもの,なにもない子,https://x.com/nanimo_naiko,「ポテチ」や「月」って抱くものなんだー、とか、「あなた」って抱きしめると欠けるんだー、とか、面白がりたいところがたくさんあります。句割れや句跨りをしながらも定型にはめていこうとする小気味よい韻律もポップさに寄与していますね。,CC BY-NC-ND 4.0
抱く,汐見りら,入選,50,新米の天使が卵を温める強さでリュックサックを抱いた,村田真央,https://x.com/maomurataxyz,「新米の天使が卵を温める強さ」という可愛くてパワフルな比喩！新米のうちは力加減を間違えて卵を潰しちゃうなんてこともありそうですが……。連作のうちの一首なら前後の歌次第で明るくも暗くもなる可能性を秘めた一首だと思います。,CC BY-NC-ND 4.0
抱く,汐見りら,入選,50,地獄でも天国でもないここでまだ各々胸に抱く薔薇がある,萎竹,https://x.com/sinachiku_no_yo,上の句からTHE BLUE HEARTSの「TRAIN-TRAIN」を連想しました。絶望するほどでもないけれどままならない世界の中で、各々の胸に鮮やかな赤色を誇る薔薇が、頑丈な棘があることは、希望であるように読めます。,CC BY-NC-ND 4.0
抱く,汐見りら,佳作,20,この棚の端からぜんぶくださいという勢いで抱きしめられる,くらたか湖春,https://x.com/Koharu_kura,あなたのすべてが欲しい、と抱きしめるときの気迫と覚悟がポップな喩で描かれています。使ってみたくなる言い回しです。,CC BY-NC-ND 4.0
抱く,汐見りら,佳作,20,抱きしめることができない風ならば悲しみそっと連れてゆきたい,夜明けの象,https://x.com/Shiomichinu,形を持たない風への慈しみを感じます。下の句には「風」の中から「悲しみ」を抽出するような感覚の面白さがありますね。,CC BY-NC-ND 4.0
抱く,汐見りら,佳作,20,なにかしらの3kg前後を抱えるとフラッシュバックする我が子たち,稲井亮太,https://x.com/3404_g_,新生児の体重に近い3kg。「なにかしらの3kg」という表現や、内容に対して陰のある「フラッシュバック」という言葉が新鮮。,CC BY-NC-ND 4.0
抱く,汐見りら,佳作,20,包まれているときの眼はどんな色？　わたしはきっとこの街の色,水餃子,https://x.com/sh__yu___,包まれている「わたしの眼」という小さな対象に対して、包んでいる存在として想定していたもの（人？布団？）よりもっと大きな「この街の色」を出してくるのが驚き。,CC BY-NC-ND 4.0
抱く,汐見りら,佳作,20,はじめての海はじめてのドッグラン抱っこしてても跳ねちゃう仔犬,葉月ままこ,https://x.com/hazukimamako,新生児の体重に近い3kg。「なにかしらの3kg」という表現や、内容に対して陰のある「フラッシュバック」という言葉が新鮮。,CC BY-NC-ND 4.0
自由詠,石村まい,特選,100,長押しで保存する月はじまりを終わりの付属品にさせない,ゆめみさえ,https://x.com/yume3_sae,"どういうことだろう…と何度も読み返しているうちにどんどん惹かれていく、なんとも不思議な歌でした。
「長押しで保存する月」、スマートフォンの画面を長押しして画像を保存する動作が思い浮かびます。
景としてもそういう動作を指していると思うのですが、文字から立ち上がるイメージでは、まるで直接、月に触れているように感じられるところも魅力的です。

物事にははじまりと終わりがある。ひとつ何かが終われば、また別のものがはじまるから、はじまりは終わりの一部である→「はじまりは終わりの付属品である」という捉え方は、斬新でありながら共感できる。
そういう自然の摂理につよく抗いたい気持ちが「させない」という言い切りに表れています。

保存した「月」は、ある一点の過去／終わったこととして、主体にとどまりつづけるのでしょう。でも、終わりとはじまりはまったく別のことだから。
「月」というたったひとつのモチーフと、はじまりははじまりとして新たに迎えたい、というまっすぐな気持ちが響き合っており、絶妙な読後感を生み出してくれる歌でした。
とりあわせにそこはかとないセンスを感じてうらやましくなりました。",CC BY-NC-ND 4.0
自由詠,石村まい,入選,50,二十代　ゆでたパスタにあえるだけそういう軽さでひとを憎んだ,まる弥,https://x.com/marja0312tk,"比喩が遠くも近くもないほどよいバランスで、かつ歌のリズムや読み心地そのものにも「軽さ」を感じられるところに惹かれました。
前提の「二十代」＋一字空けでひと息置くことで、読者は一気に自分の二十代を思い出す（わたしのように現在進行形かもしれませんが）のではないでしょうか。
麺さえ茹でればそれなりの味のパスタが完成するソース。とても便利で、どこでも手に入る。簡略化された手間と同じような「軽さ」で、だれかを憎んだことが、憎みかけたことが、あるいはその片鱗の気持ちになったことが、あるかもしれない……と考えさせられます。
「憎む」という烈しい感情を、こんなにかんたんに自分がもってしまうことのおそろしさ、若さ、未熟さをさらっと表現しているところ、かつそれに自覚的である歌のスタンスも良いなと思いました。
（KALDIの塩レモンのパスタソース、おすすめです。）",CC BY-NC-ND 4.0
自由詠,石村まい,入選,50,貸したまま戻ってこない下巻には旅は続くと書いてあったな,全美,https://x.com/ZENMIN15,"僭越ながら、うまいなあとため息をつきながらいただきました。
上の句はなんてことのない日常。だれかに貸した、上下巻に分かれている本の下巻がなかなか戻ってこない。
「旅は続く」とあるので、冒険小説あるいは漫画だろうか、と想像がふくらみます。全体のストーリーは終わっているけれど、最後の最後に書いてありそうな文。わかる。
下巻を返してくれないその人に対して、もどかしさを覚えるというよりは、「ああ、旅は続くって書いてたもんなあ」と気持ちに折り合いをつける姿勢がいじらしくて素敵です。本そのものが擬人化されているところも効いています。
使っている語彙はとても自然でわかりやすいのに、そこから与えられるイメージのなんてあざやかなこと。しかも独りよがりではない、あたたかな共感を呼び起こす景。
ほんとうに「うまい」ってこういうことだよな……すごいな……と慄きました。",CC BY-NC-ND 4.0
自由詠,石村まい,佳作,20,ゆらゆらと酒蒸しアサリはほろ酔いでまもなく笑い転げるでしょう,よさく,https://x.com/yosaku47,"下の句の比喩に惹かれました。「酒蒸し」→「ほろ酔い」→「笑い転げる」という段階があかるくて楽しい。天気予報チックな言い方もチャーミングで素敵です。
だんだんと煮たってきて、実際に貝がひらくまでのシーンを見事に言い当てていて、観察眼がするどいなと思います。
「笑い転げる」、良いなあ。おいしいアサリなんだろうなあ。",CC BY-NC-ND 4.0
自由詠,石村まい,佳作,20,ねむってもねむっても夜てのひらをすべりおちてく葡萄のにおい,夏谷くらら,https://x.com/natsutani_clara,"「夜」と「葡萄」の相性のよさに気づかされました。
いくらねむっても夜、というのは、夜中に何度も目が覚めてしまうというふうにもとれるし、永遠に夜がつづく世界にいるような気もします。
幻想的な読みもゆるしてくれる後半部分がとても印象的でした。
「すべりおちてく」という表現には、一首のあきらめも感じさせられます。葡萄も、その葡萄のにおいも、もうつかむことはできないのでしょうか。",CC BY-NC-ND 4.0
自由詠,石村まい,佳作,20,はしたない女だろうか花として蝶形骨の白さを乞えば,よしなに,https://x.com/yoshinani_tanka,"「蝶よ花よ」という言葉があるように、「女」「花」「蝶」と移っていくモチーフに意外性はないものの、「はしたない」「乞う」という言葉が読み手を立ち止まらせます。
「蝶形骨」は頭蓋底の中央にある、蝶のようなかたちの骨のこと。「花」として「女」である”わたし”を自覚し、その頭蓋にねむる骨が白くあってほしいと望むことは、たしかにある種の陶酔を感じさせるものがあります。
「白」＝無垢のイメージもあるので、みずからそれを求めることに「はしたなさ」を感じているのかもしれません。",CC BY-NC-ND 4.0
自由詠,石村まい,気になった歌,20,そうだね、プロテインだね。袋ごとおまえの顔に投げつけるなら,汐留ライス,https://x.com/RCodome,筋トレが好きすぎる相手に対して、急にブチ切れる図が思い浮かびました。落ち着いて。,CC BY-NC-ND 4.0
自由詠,石村まい,気になった歌,20,ネームタグつけ外しできるユザワヤの六号館くらいでかい愛,ぶりきのかに,https://x.com/buriki_tanka,ほんとうに「でかい愛」。,CC BY-NC-ND 4.0
自由詠,石村まい,気になった歌,20,付箋のあるてんとろりに付箋をつけて返す人のいる仕事場に行く,野田鮎子,https://x.com/arukonowana,いい関係、いい仕事場。『てんとろり』というのがまた。,CC BY-NC-ND 4.0
SNS,揺川たまき,特選,100,透明になりきれなくてひとひらのいいねが頰をふちどっていく,納戸青,https://x.com/6r2Nh,"SNSの「いいね」機能のことが詠み込まれています。「いいね」機能に関連付けて、説明的すぎないバランスを保ちつつ、作中主体の心情の変化を的確に表現している点がよかったです。
マークを押す前のハートは画面の背景色と同じ色で輪郭線だけがあるので、いうなれば無色と見ることができます。「いいね」マークをタップするとハートはピンク色に変わります。その変化を、「透明になりきれな」かったハートが、「ひとひらのいいね」によって「頬」が赤く染まるかのように色づく、と表現しています。
「透明になりきれな」いのは主体自身の心でしょうか。この世からすっと消えてしまいたいなあと思いつつなんか違うなと思う心かもしれないし、承認欲求や寂しさを捨てようとして捨てられない心かもしれないし、綺麗になりきれないものを抱えた心かもしれません。そんなとき、誰かが自分の投稿に「いいね」を押してくれる。すると画面上のハートが色づくと同時に、自分の心、ひいては自分という存在も認められたように感じて、心にも頬にも色が差し、自分の輪郭がはっきりするような気持ちになる。そのように解釈しました。",CC BY-NC-ND 4.0
SNS,揺川たまき,入選,50,「おやすみ」とポストの後に恋人の電話を寝ずにアイドルは待つ,寿司村マイク,https://x.com/xHksbNR4wv1wj8M,"自分とSNSの関わりを歌ったように見受けられる歌が多い中で、主語が「アイドル」という点で、少し変わった視点から詠まれていたので採りました。この作品の主人公はアイドルで、フォロワーに（かつ、全世界に）向けて「おやすみ」と発信したあとに、アイドルではない一人の人間として「恋人の電話」を待つというのです。「おやすみ」というポストは仕事の一環であり、ファンへの優しい嘘ともいえそうです。本当の姿は恋人など限られた人しか知らないのですね。
「寝ずに」というところから一途さや人間味を感じてぐっときました。同時に、プライベートな「恋人の電話を寝ずに」待つという場面ですらこうやって短歌を鑑賞する私に消費されているというところに、アイドルという存在の切なさのようなものを感じます。",CC BY-NC-ND 4.0
SNS,揺川たまき,入選,50,好きな人のツイートの文脈が分かるこれは分かった上でのいいね,山形さなか,https://x.com/YamagataSanaka,"ある人の投稿があり、わたし以外の人も「いいね」を付けているし、わたしも「いいね」を付けている状況。他の人が付けている「いいね」と自分が付けている「いいね」は違うんだぞ、という感覚。これを感じているのは時間にすると数秒ぐらいだと思いますが、その数秒ぐらいの特別な心の動きを的確に捉えている点がよかったです。
「わたしは文脈を分かっているんだぞ」と密かに心の中で言わなければならない状況ってどんな状況だろう、とも思います。仮に「好きな人」と自分が両想いであれば、嬉しさや優越感を感じていると読めるかもしれませんが、密かに片思いしている相手だとしたら、満たされない思いを慰めるために歌われた歌のように見えてきます。",CC BY-NC-ND 4.0
SNS,揺川たまき,入選,50,卒業の切なさも日々薄れゆき忘れ去られるグループLINE,睡密堂,https://x.com/suimitudou16,"「グループLINE」という身近で具体的なものと関連付けながら、時の流れと自分の心の変化を捉えている点がよかったです。
LINEグループのトークルームは、新規メッセージがないと他のトークルームにどんどん追いやられて下のほうに行ってしまいますよね。自分の心の中も似ていて、新生活が始まると新しい情報が心の取り出しやすいところに流れ込んできて、昔の友達や昔の思い出はどんどん片隅に追いやられていきます。また、別れの時は悲しい・切ないと思っていたはずなのに、新しい感情を体験していくにつれてその悲しみ・切なさも薄れていきます。
そういえば、「忘れ去られる」と言いながらもこの歌の主体はグループLINEについて歌を詠んでいるので、本当は忘れていないんですよね。「みんなからは忘れ去られているかもしれないけど自分は忘れていないよ」という心情も読み取れる気がします。",CC BY-NC-ND 4.0
SNS,揺川たまき,入選,50,フォローする君の世界に咲く花の名前を少しずつ知る春,浅野愛佳,https://x.com/ika_asn,"韻律が気になったのですが、「フォローする君の世界に咲く花」という認識のしかた・表現のしかたが素敵だなと思い、採りました。
「君」がSNSに投稿している写真、その中の風景、その中に咲く花……。それは「君の世界」なのですね。そう言われると、SNS投稿というのはそれぞれの人の世界をおすそ分けしてくれているものなんだなと思えてきます。主体のまなざしのあたたかさや、「君」に対する特別な思いも伝わってきますし、「春」という語も歌の雰囲気に合っています。",CC BY-NC-ND 4.0
SNS,揺川たまき,佳作,20,自分って奴ブロックできなくてだる　逃げられないんだ自分からは,ゆめみさえ,https://x.com/yume3_sae,,CC BY-NC-ND 4.0
SNS,揺川たまき,佳作,20,真夜中に上げたポストにいいねって誰かがそっと背中をさする,よさく,https://x.com/yosaku47,,CC BY-NC-ND 4.0
SNS,揺川たまき,佳作,20,「現在」の総量増やすＳＮＳ時を潰してスクロールする,枝香,https://x.com/toDazaihu,,CC BY-NC-ND 4.0
嘘,澄田広枝,特選,100,あまおうの「あ」が甘いではないようにそのあいたいに愛はないけど,結城熊雄,https://x.com/yuki_kumao,「あまおう」はイチゴの登録商標名。あまおうだから、誰もがすぐに、「あまい」から引用されていると思ってしまう。ところが、そうではなくて、「あかい」「まるい」「おおきい」「うまい」の頭文字から名付けられているそうだ。さて、掲出歌、｢逢いたい」と言われたときに、何の躊躇いもなく自分に愛情を持ってくれていると思うのはあまりにも早計ではないだろうかと立ち止まっている。題詠｢嘘」として、この一首に向かい合ってみると、言葉のもつ深さに力をもらいながらも、その言葉というものに翻弄されている私達の生き様が見えてくる。｢あ｣の重層的な連なりが言葉の持つかなしみに気づいたときの感嘆詞のようだ。,CC BY-NC-ND 4.0
嘘,澄田広枝,入賞,50,お客さま そこになければないですね なければないです 星じゃないんで,なにもない子,https://x.com/nanimo_naiko,日常、スーパーなどで、何気なく交わす店員さんとの会話を引用しながら、結句がパラレルワールドのように立ち上がり、詩情が広がる。私達が夜空を仰いで目視できる星はほんとうにごく一部、その背景には、容易に可視化できない世界があることを思う。明確に個数が限定されて店頭に並んでいる商品との対比がおもしろい。,CC BY-NC-ND 4.0
嘘,澄田広枝,入賞,50,裏表逆に履いたら靴下に世界はしまわれて、冬の森,髙山准,https://x.com/m99ejxj ,靴下を裏表に履いたというだけの行為だが、その違和感から嘘っぽさを感じ、身辺が反転したような居心地の悪さを感じてしまった。外の世界へ広がり、躍動感のある春ではなくて、内に向かい、何かを閉じ込めてしまうような冬の森が心象風景としてそこにある。,CC BY-NC-ND 4.0
嘘,澄田広枝,入賞,50,おごそかな狐薊の風媒にぼくの自白が混じってしまう,青兎,https://x.com/HaL7sg,狐薊は、薊に似ているが、薊のような鋭いトゲを持たない。綿毛は、化粧道具の筆のように、花であったときよりも何倍もの嵩になってやがて飛び立つ。その旅立ちは、フォーカスすると「おごそか」と言えるかもしれない。その風景のなかに身をおけば、自らの過ちも、素直に言葉にすることができそうだ。ちなみに、花言葉は｢嘘は嫌い｝,CC BY-NC-ND 4.0
嘘,澄田広枝,入賞,50,日記には楽しかったと書いた日の筆圧だけがほんとうだった,ケムニマキコ,https://x.com/qeiV97pW0x5342,小学生の頃の夏休みの日記、まだ語彙が少なくて、ただ｢楽しかった」と言葉少なくしか書けなくて、それでも筆圧が、それ以上の思いを語っている…と読んだ。ただ、題詠が｢嘘」であるから、｢楽しかった」と書いたけれど、そこには表現できないネガティブな思い、たとえば怒りのようなものがあったのだろうか。思い出のようなかたちで読んだが、大人になってからのこととして読めば、また違う味わいがある。,CC BY-NC-ND 4.0
嘘,澄田広枝,佳作,20,満ち潮に蒼く漂う夜光虫　私の嘘はまだばれてない,田仲トオル,https://x.com/tanankatoru,夜に外的な刺激を受けると、青白く発光する夜光虫、上句の幻想的な光景と、自らのなかの嘘が何かのはずみで、あからさまになるのではという不安と恐れ、抜き差しならぬようなものではなく緩やかな、どちらかというと、甘い嘘という印象を受ける。,CC BY-NC-ND 4.0
嘘,澄田広枝,佳作,20,閻魔さま、加工は嘘になりますか？ 化粧は？ジャッジお願いします,毛布,https://x.com/moufu412,閻魔大王は、冥土で死者の行いを審判し、嘘をつくと舌を抜かれるなどと言われてきた。それを、現代のＳＮＳ上で加工を施した画像が溢れている状況にからめた。口語の語り口に思わず苦笑してしまう。,CC BY-NC-ND 4.0
嘘,澄田広枝,佳作,20,ほんとうがひと匙まざり嘘つきのねるねるねるねが口で暴れる,亜麻布みゆ,https://x.com/amanumiyu,「ねるねるねるね」を、まだ体験したことはない。手作りのお菓子のようなもので、子ども向けかと思ったら、どうやら大人仕様のものもあるらしい。「ねるねるねるね」の独特の商品名から、その手作りの過程を想像することができ、一首に変化をもたせている。結句によって、それが炭酸系のものであることも想像できる。体感していない読者にも、短歌によって伝えることができるのだと思わせてくれた一首。,CC BY-NC-ND 4.0
嘘,澄田広枝,佳作,20,好きなのを選んでいいというママの選んでほしい赤を選んだ,後藤たり,https://x.com/tali_log_x,好きなのを選びなさい…と言われて、自らの意思で選んだつもりなのに、これは、母が好きな色だと気づく。母と子のつながりのなかで、自然と脳内に降り積もっていくお互いの嗜好や思考の記憶。｢嘘」というテーマからすれば、わざと嘘をついたということになるのだろうが、前述のように自然な行為のように感じる一首である。,CC BY-NC-ND 4.0
嘘,澄田広枝,佳作,20,墓場まで持っていく嘘が多すぎて棺が花と噓とで満ちる,晩夏,https://x.com/yukunatsuni,よく、これは誰かを傷つけることになるから、他人には言わず、自分だけの秘め事として、墓場まで持って行く…というような事をいう。それは、暗いイメージだが、掲出歌、そんな嘘が多すぎて、棺が花と嘘でいっぱいになってしまったという。読者は、この明るく言い放った言葉に、何故か力をもらう。,CC BY-NC-ND 4.0
嘘,澄田広枝,佳作,20,ミルキーが甘やかすからあかんねん歯にくっついて嘘がとれへん,きいろい,https://x.com/kiroi_iorik,「ミルキーはママの味～♪」幼い頃の記憶と結びつく読者も多いかもしれない。あの独特の甘さを大人になって思い返すとき、それぞれどんな印象をもつのだろうか。関西弁で、ゆるやかに詠いながら、自らの奥深くを見つめている歌である。,CC BY-NC-ND 4.0
嘘,澄田広枝,佳作,20,母さんが悲しい嘘をつくときの瞳の奥にある三面鏡,猫背の犬,https://x.com/nekozenoinuinu,三面鏡は、正面だけではなく、横向きや後方近くまで映すことができる。この三面鏡は、近代的な建物のなかに設えられたお洒落なものではなく、昔ながらの昭和の時代にあった鏡台をイメージした。母親が、子どものためにつく嘘、その背景には、他の家族や社会との関わりから生まれる場合もあり、実に多面的だということだろうか。　,CC BY-NC-ND 4.0
嘘,澄田広枝,佳作,20,プラシーボ効果のためのラムネ玉だましだまして地下鉄にのる ,水の眠り,https://x.com/mizunonemuri1,薬だと信じて飲むと、ただの水であっても、症状が緩和されたりすることがある。そんな「プラシーボ効果」を「嘘」というテーマのもとに詠んだのが印象に残った。「だましだまして」は、「プラシーボ効果」にじゅうぶん述べられているので他の言葉でも。,CC BY-NC-ND 4.0
嘘,澄田広枝,佳作,20,コップから溢れた嘘を袖口で拭う嘘には長袖がいい,アゲとチクワ,https://x.com/age_to_chikuwa,コップから溢れた嘘を袖口で拭う　嘘には長袖がいい　と区切って読んだ。「嘘には長袖がいい」、何の根拠もないはずなのに、そう思わせてくれる押しつけがましくない魅力を感じた。,CC BY-NC-ND 4.0
嘘,澄田広枝,佳作,20,違和感は優しさだったサバ缶の骨は囁くように崩れて,インアン,https://x.com/inan_erotica,  サバ缶の身の柔らかさを思った。本来は、骨もあり、ほどほどの歯ごたえのある鯖が、崩れるほどに柔らかく詰められている。共に暮らしている人との関係性が、優し過ぎるということによって違和感を感じることもあるのだ。それは、築いてきたものが崩れてゆく前兆だったりする。,CC BY-NC-ND 4.0
家族の短歌,友常甘酢,特選,100,ふたりきり人生ゲーム自動車の空いた座席は花で埋めよう,村田真央,https://x.com/maomurataxyz,多くの人が遊んだことがあるであろう「人生ゲーム」。このゲームで使うコマは車だ。最初は一人乗りだが、結婚時に二人になり、やがてゲームが進めば空席に子どもを乗せたりもする。主体は、自分たち夫婦が乗る車の空席を、定番の「子ども」ではなくて「花」で満たそうと語っている。自分自身への言葉かもしれないし、パートナーに向けての言葉なのかもしれない。そして、子どもを望まなかったのかもしれないし、諦めたのかもしれない。どちらにしても、自分たちの人生を、周囲に流されずに丁寧に作っていこう、心から大事にしていこうとしている主体の思いが見え、このふたり家族の温かさがほのかに伝わってくる。後部座席いっぱいの花のイメージを抱かせてくれる、意志のある幸福感に満ちた歌だった。,CC BY-NC-ND 4.0
家族の短歌,友常甘酢,準特選,50,開かない母のスマホのパスワード　わたしの誕生日ではなかった,竜泉寺成田,https://x.com/narita_tanka,このスマホは、母の誕生日ではロック解除されなかったのだろう。「もしかしたら、子どもの誕生日をパスワードにしたのかもしれない」と思いついた時と、「あ、違ったんだ」とわかった時の、主体のちょっとした気持ちの温度変化が伝わってくる歌だった。もし、自分以外の兄弟姉妹の誕生日がパスワードであれば、また、その温度は変化していくのだろう。繊細な心の機微を、さりげなく見事に表現できた歌だと思う。,CC BY-NC-ND 4.0
家族の短歌,友常甘酢,準特選,50,背の順と年齢順がおんなじの頃は世界が大きく見えた,漁火いさな,https://x.com/carda_mm,自分よりずっと大きくて頼もしい存在だと思っていた兄姉の身長を、弟妹が追い越してしまった時、特に現実は変わっていないのに、自分が大きくなった分、一気に世界が小さく感じられるのかもしれない。「どう見えるか」というのは、実際の大小の問題より、人間にとっては重要なものなのかもしれないと気づかされた。心の変化に由来する視界の変化を、ダイナミックに詠むことに成功していて秀逸だった。,CC BY-NC-ND 4.0
家族の短歌,友常甘酢,準特選,50,妹はチートデイだと言いながら私と同じ食事を摂った,北野白熊,https://x.com/d23705,妹はダイエット中なのだろうか。普段の食事制限を緩め、好きなものを食べている妹の食事内容が、自分のいつもの食事と同じだと知った主体。主体は、その事実にほんの少したじろいだのかもしれないが、おそらくそれは一瞬の出来事で、妹は妹、私は私、と一線をしっかり引けているように感じられた。いろいろと違う所が多い兄弟なのではないだろうか。そんな二人が「同じ」だったのが、妹のチートデイの食事と、主体のいつもの食事だったとは。そこに着目できてしまうセンスが素晴らしく、また、短歌はこの上なくスッキリとしていて無駄がない。おおらかに自分の道を歩んでいる主体の目線が魅力的だった。,CC BY-NC-ND 4.0
家族の短歌,友常甘酢,入選,50,兄弟はいないでしょうと意味深に問われてはいと答えたくない,遠野　鈴,https://x.com/to_no_rin,,CC BY-NC-ND 4.0
家族の短歌,友常甘酢,入選,50,稜線がかすかに動く夜としてあなたの規則正しい寝息,髙山准,https://x.com/m99ejxj,,CC BY-NC-ND 4.0
家族の短歌,友常甘酢,入選,50,既読すらつかぬ吾子から「おもろい」と貸した漫画に応答ありぬ,ぽかるぽかり,https://x.com/VxAkb34397,,CC BY-NC-ND 4.0
家族の短歌,友常甘酢,入選,50,いい歳の大人だらけの食卓で拾った石の話をしてる,てと,https://x.com/teto_starlight,,CC BY-NC-ND 4.0
家族の短歌,友常甘酢,入選,50,二親を一人で演(や)った母さんの圧倒的なBメロの部分,川瀬十萠子,https://x.com/nagikawase,,CC BY-NC-ND 4.0
家族の短歌,友常甘酢,佳作,20,母の字のやたらと多い適量のひとつに大さじ3と書き足す,りのん,https://x.com/Linon_non,,CC BY-NC-ND 4.0
家族の短歌,友常甘酢,佳作,20,火焔土器みたいに怒る母さんの手を握りしめ朝には撫でて,白川楼瑠,https://x.com/Loswell612,,CC BY-NC-ND 4.0
家族の短歌,友常甘酢,佳作,20,おやすみにありがとうねと返す母あぁうんとしか言えず私は,琴里梨央,https://x.com/cotori_rin,,CC BY-NC-ND 4.0
家族の短歌,友常甘酢,佳作,20,不向きだと自分で知っていた「父」は不思議なくらい透明だった,北乃銀猫,https://x.com/Silbernekatze_,,CC BY-NC-ND 4.0
家族の短歌,友常甘酢,佳作,20,家出した行き先のない母さんが本屋で小一時間を過ごす,琴里梨央,https://x.com/cotori_rin,,CC BY-NC-ND 4.0
家族の短歌,友常甘酢,佳作,20,蛮族と暴走族と海賊と家族は似てる自由を奪う,天祐　実,https://x.com/bwooojin,,CC BY-NC-ND 4.0
家族の短歌,友常甘酢,佳作,20,「これよね」と棺に入れたポロシャツの姿で父は夢に微笑む,佐竹紫円,https://x.com/shienkotonoha,,CC BY-NC-ND 4.0
家族の短歌,友常甘酢,佳作,20,生活の隙間をうめる相槌はやさしいけれどにおいはしない,石井しい,https://x.com/ishiishii41,,CC BY-NC-ND 4.0
家族の短歌,友常甘酢,佳作,20,「父親」はキノコのようには生えてこず僕は紅葉を見る前に死ぬ,暁音,https://x.com/akane_aoyagi,,CC BY-NC-ND 4.0
家族の短歌,友常甘酢,佳作,20,あと何度会えるのだろう　母さんが忘れていった歯ブラシセット,Umi.,https://x.com/Umi1146295,,CC BY-NC-ND 4.0
ペット目線の短歌,森本有,特選,100,たまにくるだけのくせしてみみのうらなでてきやがる　もうかえるのか,水沢穂波,https://x.com/3hohenheim,"「ペット目線」というテーマを考えたとき、最もしっくりきたのがこの歌でした。
個人的には、良い短歌（作りたい！）の条件の一つとして「表現の過不足のなさ」というものがあるのですが、まさに過不足なく、しかも他の表現に代替できないぴったりの言葉が使われた素晴らしい歌だと思います。
たまにくるだけのくせして～と始まり、「もうかえるのか」で締める拗ねたような語り口から見える甘えと寂しさがいじらしい！文句なし特選です！",CC BY-NC-ND 4.0
ペット目線の短歌,森本有,入選,50,モノクロの世界を跳ねてついてゆく　君が笑えば春だとわかる,白川楼瑠,https://x.com/Loswell612,"モノクロの視界に差し込む「春」が、君の笑顔であるという構図がとても美しいです。
「跳ねてついてゆく」という動きに、無垢な喜び、人間（家族）への絶対的な肯定が溢れていて、思わず読み手側も笑ってしまうような素敵な歌でした。",CC BY-NC-ND 4.0
ペット目線の短歌,森本有,入選,50,きょうふうのひにもさんぽにつれてってひるがえるみみをみて笑って,はるかぜ,https://x.com/spring_bird_gr,"強風の日の散歩という非日常のなかで、日常的な幸せを丁寧に描いています。
「ひるがえるみみ」が視覚的にも詩的にもとても効果的で、情景がぱっと浮かんできます。
主体とペットが共有している優しい記憶が素直に伝わってきました。",CC BY-NC-ND 4.0
ペット目線の短歌,森本有,入選,50,家族だといいな私を連れ出して遊んでくれる五人の人が,梅鶏,https://x.com/ume_dori,"確かに、ペット側からすれば飼う・飼われるという関係性を裏付ける証拠はなく、ただ「信頼」のみで成立しています。そこでこの「家族だといいな」という願いが、どこか切なく、でもまっすぐに響いてきます。
もちろん家族だよ！と言ってあげたくなる、人の気持ちを動かすような歌だと思いました。",CC BY-NC-ND 4.0
ペット目線の短歌,森本有,入選,50,なんかいるオレよりデカいヤツがいるみずとかめしをおごってくれる,花原冬莉,https://x.com/tansan_kiki,"この歌は犬ではなく猫という感じがします。人間という「別の種」ではなく、「オレよりデカいやつ」、そいつが「なんかいる」という認識に笑ってしまいますが、ペットからしてみれば案外その程度のものなのかもしれません。
ペットの好奇心と順応力をおおらかに表現した歌でした。",CC BY-NC-ND 4.0
ペット目線の短歌,森本有,佳作,20,にんげんは忙しがないな 仕方ない おれが代わりに昼寝してやる,水無月ニナ,https://x.com/nina_minaduki27,"語り口に親しみがあり、「おれが代わりに」という一文の気の抜けた感じからにじむ優しさが魅力的です。
読み手の頬がゆるむような、ユーモアと愛情のある歌でした。",CC BY-NC-ND 4.0
ペット目線の短歌,森本有,佳作,20,カリカリを山盛りくれたおっちゃんのおそらく空気より冷たい手,暁音,https://x.com/akane_aoyagi,"冒頭のフランクさから一転、「空気より冷たい手」にハッとさせられました。
「おそらく」という語の距離感も巧みで、人間の事情に一切触れないところがペットと人間のどうしようもない種としての断絶を表しているようです。",CC BY-NC-ND 4.0
ペット目線の短歌,森本有,佳作,20,はじめての天気みたいだ飼い主が帰ってこなくて花ばかり降る,夏谷くらら,https://x.com/natsutani_clara,"死を認識せず、「花が降る」ことを天気だと思う。仮に人間が死後も世界を認識できるとしたら、「花が降る」ことを天気だとは思わないでしょうから、ペット目線の歌として説得力があります。
詩的なイメージと感情の流れが自然に重なった歌でした。",CC BY-NC-ND 4.0
ペット目線の短歌,森本有,佳作,20,言葉って不便なんだね　少しだけ君の前足ひんやりしてる,納戸青,https://x.com/6r2Nh,"ペットが感じ取る空気の変化や、飼い主の沈黙の中にある感情の微細な動きを、静かにすくい上げています。
決して踏み込みすぎず、それでもそっと寄り添うような眼差しが切ない歌でした。",CC BY-NC-ND 4.0
ペット目線の短歌,森本有,佳作,20,誰お前、来るな触るな、いや待てよ この匂いだな、なんだお前か,はしたか,https://x.com/hashitaka_hon,"語りのテンポが絶妙で、ペットの変化が生き生きと伝わってきます。
嗅覚というペットの核心を使った展開が巧みです。
「なんだお前か」という着地が、関係性の深さを自然に示していて、上手くもあり、ちょっと笑える素敵な歌です。",CC BY-NC-ND 4.0
海,石田犀,特選,100,灯台の肌に凭れて海を見る灯台の子のように静かに,小川未夜子,https://x.com/empire_2ki,"灯台の壁に凭れて海を見ている。なんでもないような光景ですが、印象的な言葉選びが際立っています。
まず、「灯台の肌」がすごい。一気に灯台が、無機質な建造物ではなく、肌や体温をもつ生命体のように感じられます。さらに、自分は灯台の子のようだというところへ展開していくわけですが、本来であればあり得ない・距離があることを言っているのに、不自然ではなく納得させられる。これは「肌」の助走があっての「子」だからなんですよね。
灯台は動かず、ただ海を見ている。灯台の子である主体も同じ。壮大なスケール感で、絵画を見ているような気持ちになりつつも、やっぱり実感でわかる感じもあるのが不思議です。韻律も美しく、「ように静かに」の揺蕩うような感じ。とても好きな歌でした。",CC BY-NC-ND 4.0
海,石田犀,入選,50,白波がすべてを攫ってゆくときにきゅっと耐えてた君のふくらはぎ,のなが,https://x.com/nonaga0303,「きゅっと」がいいなあと思います。「きゅっ」としていたんだなあ、きっと、と思いました。波に攫われてしまってはだめで、他のものは抗わずにいる中でも、唯一「君」は耐えていたんだということ。そこに主体にとっての価値が、嬉しさがあるのかなと感じました。,CC BY-NC-ND 4.0
海,石田犀,入選,50,夜　夏の匂いがしてるその先に絶対海があるから走る,橋口遼花,https://x.com/haruka_x_x_,大胆な初句（私も最近「夜だ」で始まる歌を作りました）。「夏の匂い」の刹那的な感じが喚起されるようで好きでした。「走る」までのスピード感を作ることにも貢献している気がします。,CC BY-NC-ND 4.0
海,石田犀,入選,50,貝殻を見つめる顔でブックオフそこがあなたの海だとわかる,ケムニマキコ,https://x.com/qeiV97pW0x5342,本屋ではなくてブックオフなんですね。確かに新品ではなく、古本や中古CDの方が「貝殻」感はある気がして、納得してしまって面白かったです。ブックオフ、という名詞が一首をキャッチーに仕立ててくれていると思います。主体と「あなた」との絶妙な距離感が少し寂しい雰囲気を醸しています。,CC BY-NC-ND 4.0
もてあそぶ、もてあそばれる,森山緋紗,特選,100,ふくふくと寄り添う月に引き出しのなかみを全部晒されている,塩本抄,https://x.com/tankanosio,曇り空に浮かぶ月がふっくらと滲むように光っている様を思い浮かべました。この歌の月には、作中主体（この歌の主人公）を含めすべてのものに寄り添ってくれるような懐の大きさを感じます。その月と月明かりのもとに晒されているものとは、ある視点から考えるともてあそぶ側ともてあそばれる側という関係性になる。また、「なかみ」とここのみ平仮名にひらかれており、作者の意図するものがありそうです。「引き出しのなかみ」は作中主体の内面、心の奥に隠している感情の比喩だと読みました。本来であれば人に見せるようなものではないものまで晒されてしまう。結句は自分の意図とは違うのだという少し不穏な言葉選びですが、初句の表現と音の響きが月だけでなく一首全体に幸福感に近い読み味を残していると感じました。,CC BY-NC-ND 4.0
もてあそぶ、もてあそばれる,森山緋紗,入選,50,撫でかたを間違えている君の手に剥がされていく鱗がきれい,よしなに,https://x.com/yoshinani_tanka,一首全体が暗喩になっていると読みました。お題は「もてあそぶ、もてあそばれる」ですが「撫でかたを間違えている君」にどこまで悪気があるのでしょうか。私は、君は慈しむためにその対象を撫でるのだけど、その撫でかたが不器用であるためにその対象を傷つけてしまうのではないかと読みました。逆さに撫でられて体から剥がれていく鱗。剥がれていると鱗のそのひとつひとつは透きとおり光を帯びてとてもきれいに見える。傷ついた人物が流している涙を連想しました。慈しみかたを間違えている君と慈しまれている人物のどちらも悪くはないのに二人でいては幸せになれない、そのかなしくもうつくしい関係に真理のようなものを感じました。,CC BY-NC-ND 4.0
もてあそぶ、もてあそばれる,森山緋紗,入選,50,袖口のほつれた糸をもてあそび物理の時間を哲学にする,水沢穂波,https://x.com/3hohenheim,授業中にふと袖口のほつれた糸に気づきそれが気になってしまう。物理の授業にどこか集中できない作中主体の姿が浮かんできます。手持無沙汰でほつれた糸をいじる。お題の消化に無理がなく、ほとんどの読者が同じ景を思い浮かべることができるのではないでしょうか。『ソフィーの世界』に書かれていた「いいことと悪いことは二本の糸のように人類のすべての歴史をつらぬいている。二本の糸はからみあっている」という一文を思い起こさせます。物証による事実の把握が重要視される「物理」から、仮説を立てて理論的なアプローチを試みる「哲学」への展開もユーモアがあって面白いです。一首の構成や言葉選びに無駄がなく巧みな作りになっていると感じました。,CC BY-NC-ND 4.0
もてあそぶ、もてあそばれる,森山緋紗,入選,50,僕たちは思い通りにならないよ高天原のＵＦＯキャッチャー,アゲとチクワ,https://x.com/age_to_chikuwa,歌のなかの道具立てが面白く作者のセンスを感じました。「高天原」は、『古事記』などの日本神話で天照大神をはじめ多くの神々が住んでいたとされる天上界をさす言葉です。日本の地に実在したという説もあるとか。「僕たち」は今を生きている私たち人間のことでしょう。「高天原のＵＦＯキャッチャー」の前に神々はいて、私たちをもてあそび、吊り上げようとしている。「思い通りにならないよ」という軽やかな文体が心地良く、下句を引き立てています。,CC BY-NC-ND 4.0
もてあそぶ、もてあそばれる,森山緋紗,入選,50,砂浜のくらげを波は救わない きみは固有のリズムで話す,後藤たり,https://x.com/tali_log_x,上句が特に体温の低い文体でとても気になった歌でした。砂浜に打ち上げられたくらげに波が浅くとどいたりとどかなかったりして、くらげは海に戻ることができない、上句はそのような景を思い浮かべましたが、おそらくは暗喩なのでしょう。きみにもてあそばれて息ができないような心地の作中主体を表現しているのだと読みました。半角スペースで展開する下句では「固有のリズムで話す」きみという人物の描写があり、不思議な余韻が残ります。この個性の強い描写に事実性の高さがあり、きみという人物が物語を伴って浮かび上がってきます。,CC BY-NC-ND 4.0
もてあそぶ、もてあそばれる,森山緋紗,佳作,20,春風にビニール袋は飛ばされて着地点なき海月になった,月夜の雨,https://x.com/moonnight_rain,"終始、「ビニール袋」に視点を定めて一首が構成されているのがとても良いと感じました。「着地点なき海月」という比喩にも魅力があります。
",CC BY-NC-ND 4.0
もてあそぶ、もてあそばれる,森山緋紗,佳作,20,手を取って君は花だと言う人の背にいっぱいの割れた鉢植え,橋口遼花,https://x.com/haruka_x_x_,"お題の印象からか、恋愛を連想させる短歌の投稿が多かったのですが、その中で一番好きな歌でした。結句を枯れた花とせず、「割れた鉢植え」としたところに非凡さを感じました。
",CC BY-NC-ND 4.0
もてあそぶ、もてあそばれる,森山緋紗,佳作,20,人見知りしている新居の真ん中にテディベアを座らせてみた,紡糸,https://x.com/bousi804,"「人見知りしている」のは「新居」なのか作中主体なのかあるいはテディベアか、読み手によって解釈はいくつかありそうです。二句目の「している」は連用形なのか、終止形で句割れなのか、口語の悩ましいところです。素直に連用形と読むべきでしょうか。「テディベア」というアイテム使いに意外性があり、絵本のような歌の世界観に惹かれました。
",CC BY-NC-ND 4.0
迷子,近藤由宇,特選,100,金色のうんこがビルに乗っている、すごく迷子かもしれないんだ,ぶりきのかに,https://x.com/buriki_tanka,"排泄物が詠み込まれた歌で思い出される歌がいくつかある。

馬の糞ひろいあつめている父の夢をこのごろくりかえし見る／山崎方代
サバンナの象のうんこよ聞いてくれだるいせつないこわいさみしい／穂村弘
トランクスを降ろして便器に跨がって尻から個人情報を出す╱望月裕二郎

これらの歌は直接的に、間接的に排泄物を詠んだものだが、それ以上のインパクトを読み手に残しているように思う。ぶりきのかに作品にも同様の衝撃があった。
上句「金色の〜」から惹きつけられた。結句の「かもしれないんだ」も確定的でないところが良い。
テーマ詠ではそのテーマ（今回の場合は迷子）を主としてしまいがちだが、テーマ（迷子）の消化の仕方にも注目したい。",CC BY-NC-ND 4.0
迷子,近藤由宇,入選,50,白樺はあかるいめまい　グレーテル、わたしも誰かと迷いたかった,夏谷くらら,https://x.com/natsutani_clara,グリム童話の世界観と、白樺の異様に白い幹が合っている。「あかるいめまい」という表現に強く惹かれた。,CC BY-NC-ND 4.0
迷子,近藤由宇,入選,50,運命の人ってどこで会えますか迷子センターとかにいますか,彩冬,https://x.com/irodori_no_huyu,韻律の良さが際立つ。五句目「とかに」のところ、何気ない表現だが、その力感にも好感をおぼえた。,CC BY-NC-ND 4.0
迷子,近藤由宇,入選,50,人生の迷子がひとりここにいますはやく迎えに来てよパンポン,真岡まな,https://x.com/mao_or_mana,「パンポン」は初読ではわからなかったが、館内アナウンスの「ピンポンパンポン」の「パンポン」のことか。着眼点が面白く挑戦的でもある。,CC BY-NC-ND 4.0
迷子,近藤由宇,入選,50,迷子の迷子の子猫ちゃんあなたの帰るお家になるため買うミルク,櫻井さん。,https://x.com/sakuraikakimasu,「いぬのおまわりさん」の歌詞になぞられた一首。不穏な雰囲気があり、結句の省略も上手く効いている。,CC BY-NC-ND 4.0
迷子,近藤由宇,佳作,20,折々の記憶手繰って歩むごと大江戸線は遠のいてゆく,非鋭理反,https://x.com/hyellypan,,CC BY-NC-ND 4.0
迷子,近藤由宇,佳作,20,「着いたよ」と言われ相手を探すとき人はつかの間やさしい迷子,もりなこ,https://x.com/mori_7_2,,CC BY-NC-ND 4.0
迷子,近藤由宇,佳作,20,大人とはすずしき顔のできることひとりはぐれて観音を見つ,中村 杏,https://x.com/naan_tanka,,CC BY-NC-ND 4.0
迷子,近藤由宇,佳作,20,分けられるものが体温しかなくて尾崎豊を小声で歌う,睡密堂,https://x.com/suimitudou16,,CC BY-NC-ND 4.0
迷子,近藤由宇,佳作,20,五月雨に傘もなくってあなたって迷子のような泣きかたをする,犀川ほの葡,https://x.com/honoho11,,CC BY-NC-ND 4.0
迷子,近藤由宇,佳作,20,雨空で迷子になってそれからのあなたの傘は思い出さない,よしなに,https://x.com/yoshinani_tanka,,CC BY-NC-ND 4.0
泡,布野割歩(ほのふわり),特選,100,泡もちのいい食器用洗剤のように法事について話した,後藤たり,https://x.com/tali_log_x,食器用洗剤はクリーンでいい匂い、「泡もちのいい」と言われるとさらに洗剤のなかでも良い洗剤なんだと思うんですけど、でも本質的にはぬるぬるでちょっと嫌な感じ、その全体が法事の過剰な清潔さと重なります。比喩ひとつで戦ってくるうたなんですけど、その潔さが良い、こちらに委ねてくれて、そこに乗っかっていける気持ちよさがあります。,CC BY-NC-ND 4.0
泡,布野割歩(ほのふわり),入選,50,前世蟹今世人間来世泡タイプボディーソープビオレu,稲井亮太,https://x.com/3404_g_,二× 三つの並列で成立している短歌ですが、バランスがいいですよね、来世パートに十九音使ってるのがかなり正解だなあと思います。シュールなおもしろさをそのベストな形で取り出せています。,CC BY-NC-ND 4.0
泡,布野割歩(ほのふわり),入選,50,バブル期の話を聞けば世の中の進み激しきひまわりは落つ,匂蕃茉莉,https://x.com/nioibanmatsuri1 ,ひまわりってたぶん落ちるタイプの花ではないと思うんですけど、世の中の変化、その勢いに対峙する花としてパワフルで鮮烈で、落ちるという動詞が持ってこられることに納得感がある、短歌にそれだけの力があってうれしいです。,CC BY-NC-ND 4.0
泡,布野割歩(ほのふわり),入選,50,自分より大きなものをのみこんで泡で出てくるソープ贖う,まちのあき,https://x.com/cvqf4Z7nIB14869,「泡で出てくる」ってもはや商品としての定型文的な表現である感じがあって、それが、私的で感覚的な表現の中にぬっと入ってくる質感がおもしろかったです。四句に入っているのもいい感じだと思います。,CC BY-NC-ND 4.0
泡,布野割歩(ほのふわり),佳作,20,光景を収めたのちのポケットの中の画面に気泡がよっつ,畳川鷺々,https://x.com/ttmx6,「光景」の語の固さがおもしろかったです。数詞ってやっぱり意味が強くて、それが最後に出てくるのはいいなと思いました。,CC BY-NC-ND 4.0
泡,布野割歩(ほのふわり),佳作,20,バースデーソングを歌う水の音、手首の出っ張ったとこに残る,祭藤雨歳,https://x.com/ssbsaito,たぶん「泡」が伏せられてると思うんですけど、そういったところも含めて情報の見せ方がおもしろかったです。,CC BY-NC-ND 4.0
泡,布野割歩(ほのふわり),佳作,20,絶望はあとでしようよ飲むほどにクマが沈んでゆくラテアート,白雨冬子,https://x.com/hakootokobook,上句のステートメントに対して、下句の情景がやさしさと不穏さで同時に合わせに行っているのが上手いなと思います。,CC BY-NC-ND 4.0
泡,布野割歩(ほのふわり),佳作,20,今日はもう帰らないと連絡が来て、混ぜた 鍋底からごぼりと泡が出てきた,フラ子,https://x.com/Fun742,韻律がおもしろくて採りました。「ごぼり」がちゃんと嫌な感じで、気持ち悪く読めるのが嬉しかったです。,CC BY-NC-ND 4.0
魚偏の漢字を使った短歌,蒼井杏,特選,100,魚へんに私と書いて飛び込んだ　五限体育　鱗がジリり,サ行,https://x.com/Ns4HhpKEzA10870,"魚へんに私と書いたら、どんな漢字になるのでしょう…？
「五限体育」のワードに青春の蘇るこの歌の、ジリジリと鮮烈なスピード感とほとばしるスパークに魅了されました。
音読した時の口調が良く感じられるのは、前半が清音で、濁音が後半に集まっているからでしょうか…？　「体育」と「ジリり」の「i」音の韻のためでしょうか？
そんなところも魅力的なお歌でした。",CC BY-NC-ND 4.0
魚偏の漢字を使った短歌,蒼井杏,入選,50,やさしさをいつも好意と間違える鮃と鰈を区別できない,汐留ライス,https://x.com/RCodome,"「鮃」はひらめ、「鰈」はかれい。
魚偏の漢字を見事に取り入れながら、「ああ…、わかる…」と、共感し、心ゆさぶられました。平たい魚であるひらめやかれいを思いながら、ぺったんこになった心が浮かんだところも、こころにくく、印象的でした。",CC BY-NC-ND 4.0
魚偏の漢字を使った短歌,蒼井杏,入選,50,すぐ海へむかう私のさかむけは隠しきれない鱗のなごり,ベーグル,https://x.com/hakka_kinoko,「む」の韻と「な」の韻で、とても口調が良いなと思った歌。全体にちらばる「カ行」の音も効いているのかも。そしてすっと心に光景が浮かんで、どこか青くてほろにがい青春を思わせる感じが素敵でした。,CC BY-NC-ND 4.0
魚偏の漢字を使った短歌,蒼井杏,入選,50,鯃鮶鱫と書かれたメモをこっそりと渡され思わず笑う放課後,乃木ひかり,https://x.com/nuttarifan,魚偏の漢字というテーマを活かしてユーモアと工夫を凝らした楽しい歌。鯃鮶鱫、って、なんて読むか一瞬考えましたが、歌を読みながら、いっしょに思わず笑いました。実話なのかしら？　放課後にふさわしいなあと。（笑）,CC BY-NC-ND 4.0
魚偏の漢字を使った短歌,蒼井杏,入選,50,身のうちに鮫を一匹飼っていて頬ずりすれば当然痛い,村田真央,https://x.com/maomurataxyz,下手な評をするより、この歌のかっこよさをそのまま楽しみたいなと思った歌。「一匹の鮫」にまむかうヒリヒリとした切実な感じが素敵でした。,CC BY-NC-ND 4.0
魚偏の漢字を使った短歌,蒼井杏,佳作,20, お互いに知らない 川ではねるだけ 鮭と蛙はなぜか似ている,おしいれのほや,https://x.com/Mii610248580331,,CC BY-NC-ND 4.0
魚偏の漢字を使った短歌,蒼井杏,佳作,20,かかとから鱗になっていく日々の息継ぎとして海へ向かった,後藤たり,https://x.com/tali_log_x,,CC BY-NC-ND 4.0
魚偏の漢字を使った短歌,蒼井杏,佳作,20,さようなら 海の向こうへゆくきみの鱗が落ちて反射している,てと,https://x.com/teto_starlight,,CC BY-NC-ND 4.0
魚偏の漢字を使った短歌,蒼井杏,佳作,20,「鱟」と書かれたときの、おれよりも学のありそうなカブトガニ,瀬野河川,https://x.com/senokasen0211,,CC BY-NC-ND 4.0
魚偏の漢字を使った短歌,蒼井杏,佳作,20,ゆっくりと魚は海へ泳ぎだし残された春がひかりはじめる,青木菓子,https://x.com/Oishiine09,,CC BY-NC-ND 4.0
魚偏の漢字を使った短歌,蒼井杏,佳作,20,僕たちの真実だけを横たえて鱗を持たない方を選んだ,納戸青,https://x.com/6r2Nh,,CC BY-NC-ND 4.0
魚偏の漢字を使った短歌,蒼井杏,佳作,20,透明な鱗としての爪を撫ぜ 夜半の雨を待ち侘びている,有為,https://x.com/sayukisheena,,CC BY-NC-ND 4.0
魚偏の漢字を使った短歌,蒼井杏,佳作,20,冷蔵庫もたれかかってもうわたし魚偏なの鯵みたいなの,きいろい,https://x.com/kiroi_iorik,,CC BY-NC-ND 4.0
魚偏の漢字を使った短歌,蒼井杏,佳作,20,ひと通り戯れたあと差し出した餌付けみたいな酒と鯖缶,さに。,https://x.com/tyrannos818181,,CC BY-NC-ND 4.0
魚偏の漢字を使った短歌,蒼井杏,佳作,20,わたしだけ魚なような気がしててジェルネイルには鱗を隠す,田仲トオル,https://x.com/tanankatoru,,CC BY-NC-ND 4.0