event,selector,selector_url,division,prize,work,title,author_url,author,review,work_license,review_license
毎月短歌24,アゲとチクワ,https://x.com/age_to_chikuwa,三首,特選一席（横綱）,"階段をのぼれば光ましてゆく6月20日19時5分
こんな日は地下に降りずにうっすらと白い歩道を梅田へあるく
往来の反対をゆく人たちも手を振りあるく全部オーライ",全部オーライ,https://x.com/takekeke00,スーパーはるる,ぱっと目にした時から、こんなにも肯定的で温かい作品はあるのかと思い、特選一席とさせていただきました。1首目の下の句が良いですね。「ろくがつはつかじゅうくじごふん」とてもリアルな日時設定。それでいて、もううっすらと夜になっているにもかかわらず、階段をのぼれば光がましていくのは、なぜだろうと興味を惹かれます。主体の中の光なのか、それとも主体の外の風景としての光なのか。ちなみに2025/6/20は金曜日。花金ということもありますね。一週間の仕事終えた主体が階段を上がり、外に出ると、光があふれてくる。この時点でかなり好きです。そして2首目。気持ち的にも晴れ晴れと光に包まれた主体は敢えて、地下鉄を使わず地上を歩く。大阪の梅田という場所だと思うのですが、私の土地勘が無くてわからない部分もありますが、調べると結構なオフィス街？なのでしょうかね。あれ？ということは主体は夜から出勤する人の可能性も出てきました。そして3首目。梅田へ歩く主体と梅田から歩いてくる人々。（往来とオーライもかかっているのでしょうね。）仕事を終えた人たちとすれちがい、すべてを肯定するような全部オーライという着地。他者に向けたオーライも自分に向けたオーライもあるように思います。素敵すぎます。,CC BY-NC-ND 4.0,CC BY-NC-ND 4.0
毎月短歌24,アゲとチクワ,https://x.com/age_to_chikuwa,三首,二席（大関）,大気とは違う重みが足攫うあちらこちらで息の吐く音描くたびあの人はあの人に戻る胡瓜は瑞々しくそこにある終末に近づくはやさを悟りつつテレビカードは正しく減たり,いのちの病棟,https://x.com/mahounomahou,まほう野まほう,命を考える歌はやはりガツンと来るものがありますが、描写がかなり細かく、息遣いや手触りが伝わってくるようでした。独特の余韻も非常に好みです。１首目、タイトルからも想像ができますが、病棟にある独特な大気の重み、あれはなぜ起きているのか、と考えたこともなかったのですが「息の吐く音」もしかするとたくさんのため息が足元に溜まっていって大気の重さが変わってしまっているのだろうと読みました。主体は入院することになったのか、あるいはお見舞いに来たのか。どちらにせよ、院外の大気の軽さをまだ体が覚えているようには感じました。2首目、このお歌の上の句はすごく抽象的ですが、僕としては、思い出の中のあの人を思い出しながら描いていくたびにあの人の輪郭や本質がくっきりと見えてくる、と読みました。下の句の瑞々しくある胡瓜が、あの人をありありと、思い出せている印象です。病棟の窓から景色を詠んだ歌なのかなと思いました。３首目、この連作で一番刺さったのがこの３首目です。命の終わりの描写とテレホンカードの穴が増えていく様子。そして病棟とテレフォンカードの組み合わせもあり、院外の人とのつながりも見えてくる。たくさん電話したら命の終末も近づいてくる感じ。色々考えさせられました。,CC BY-NC-ND 4.0,CC BY-NC-ND 4.0
毎月短歌24,アゲとチクワ,https://x.com/age_to_chikuwa,三首,二席（大関）,老人が夕陽のふくらはぎで漕ぐ、もうアシストを止めた自転車原色が溢れる夏を避けながら彩度が落ちた町を歩いたあの時の百万円があったなら、このお刺身は迷わず買えた,日暮し,https://x.com/mouse_not_mouth,ねずみ,この柔らかい温度感とユーモア、ちょっとした寂しさ。すべてが抜群に好みです。この空気感の連作をもっと長編で読んでみたいと思わせてくれました。１首目。色々なお歌がある中で、老人が電動自転車のアシストを止めた歌ってなんだ！！と衝撃が走ったと同時に、ユーモアもあり寂しさもあり、違和感もあり、絶妙な距離感がすごくいい。景一本なのにどんな感情にも読み取れる１首目が凄く好きです。２首目。こちらももの寂しさや物悲しさがありますね。１首目の老人のお歌が響き渡って、主体がとぼとぼと歩く夕焼けシーンが目に浮かびます。３首目、連作の3首目は作品の最後ですので、多くの方が決め行くと思うのです。（素晴らしい着地をするという意味です。）そういった作品も多くあったなぁという印象ですね。でもこの連作はすごい角度の歌を持ってきているところに、ある種の裏切りを感じて、高得点となりました。何の説明もなく、百万円。主体は日々のちょっとした贅沢も躊躇している現状があり、これが百万円によってただの生活詠にならないユーモアがある。また１首目の老人と対比されているのも面白い。電動自転車のアシストを止める老人（贅沢しつつも贅沢に頼らない様子）と贅沢に躊躇してしまう主体。改めてこの連作好きです。,CC BY-NC-ND 4.0,CC BY-NC-ND 4.0
毎月短歌24,アゲとチクワ,https://x.com/age_to_chikuwa,三首,三席（関脇）,"とべないと知っているのにはねがある　わるいやつらじゃないんだきっと
姉ちゃんはいっぽんばしを渡るとき空よりずっと遠くをみてた
このほしに残る理由がなんにもない何でもないよすきなの　空が",「何でもないよ」,https://x.com/kiroi_iorik,きいろい,ずっと物語のぎりぎり外側を歩いているような、核心に迫っていかない構成に、何とも言えない心地よさがあり惹かれてしまいました。よく言えば読者を信じている、言い方を変えれば読者にゆだねている、そんな作品だと思います。３首目の展開も驚きました。１首目。好きですこのお歌。とても。とっても。このお歌のポイントは「きっと」だと思います。主体もわるいやつらじゃないと言い切れないけど、「信じたい」だってはねがあるんだから。そんなイメージかなと思いました。この短歌には書かれていない、主体の信じたい気持ちが、ピュアさが僕の心に刺さって抜けないです。２首目。平均台ではなく「いっぽんばし」。「はし」とあるので水がみえてきます。空の青さと水（川や湖）の青さが夏を想起させ、お姉ちゃんの遠くを見る大人っぽさ。吹き抜ける爽やかな風まで感じてしまう。ポカリのＣＭのような印象です。３首目。今までの爽やかな印象から突然のストーリー性。ここで、もしかすすると宇宙人と地球人のだったんじゃないか？と１首目から読み直す。宇宙人が攻めてきて、でも悪い奴らじゃない（信じたい）。そして主体のお姉ちゃんはアブダクションされて宇宙船に乗るためにいっぽんばしを歩いて遠い目線で歩く…そんな想像もしてしまう（全く違う解釈だったらごめんなさい！）３首目のパワーに驚きました。でも優しい口調が変わらないのがとても魅力的な作品。とても好きです。,CC BY-NC-ND 4.0,CC BY-NC-ND 4.0
毎月短歌24,アゲとチクワ,https://x.com/age_to_chikuwa,三首,三席（関脇）,"Ｙ字路のゆるい分岐をひまわりの少ない方を選んで海へ
三つ折の白靴下の踝の校章少しとんがっている
夕暮れに無数の貝は鎮まって性も化石化していく浜辺",叫びたかった,https://x.com/Shinnsyutu2020,宇祖田都子,この作品のやわらかな温度感や爽やかさに良いなぁ思いながら、どことなく不穏な感じが上手に表現されていて、とても好きです。タイトルの「叫びたかった」と感情が入ったことで作品全体がバシッと締まったように感じました。タイトルもやはり重要だなぁと。1首目。ひまわりの少ない方というチョイスがすごく上手いなぁと思いました。「信号の少ない方」でもいいわけですが、ひまわりのチョイスがいいです。ひまわりは夏！元気！の象徴のような花。だからこそ少ない方という言い方は、その夏らしい元気さから離れたい様子が伺えます。2首目。ここで主体の像が少し見えてきます。三つ折りの靴下、校章とあるので女子高生のイメージです。主体の気持ちはなく景としてのお歌ですが、「とんがっている」が思春期の主体と相まって、主体の感情にも感じてしまう上手さがあるなと思いました。3首目。夕暮れに貝の生殖行動は鎮まる、それが化石化するという飛躍。それをみている主体。どことなく主体が輪に入れていない様子も伺えます。それを悲しいでも辛いでもなく、「叫びたい」とタイトル化したのはお見事だと思います。,CC BY-NC-ND 4.0,CC BY-NC-ND 4.0
毎月短歌24,アゲとチクワ,https://x.com/age_to_chikuwa,三首,最終候補作品（小結）,"Every bee is a minority 威嚇音やさしく響いてるシャングリラ
サナギから羽化するように悶えつつ美しく残したいしがらみ
来世では食物連鎖の中にいて誰も私を責めたりしない",しがら・む【柵む】［動マ四］,https://x.com/inan_erotica,インアン,苦しさと美しさの共存という点で圧倒的に好きな歌でした。「しがらみ」という言葉はよく目にしますが、動詞としての「しがらむ」をタイトルとしたことで作品全体がしがらみの中で美しく輝いて、とても妖艶で魅力的に感じました。,CC BY-NC-ND 4.0,CC BY-NC-ND 4.0
毎月短歌24,アゲとチクワ,https://x.com/age_to_chikuwa,三首,最終候補作品（小結）,"すっかりと泣いてしまった夜を超え からと乾いた器を戻す
割れたのはパンの祭りの皿だった終わった恋の破片が光る
それは傷 でも丁寧に手入れするこころに創る切子の硝子",器の手入れ,https://x.com/spring_bird_gr,はるかぜ,切ない中の透明感が素敵だなと感じた作品です。タイトルにもあるように「器」が重要なのですが、器自体は淡々と書いてあるものの、すごく透明感をもって主体を投影しているように感じて、好きでした。,CC BY-NC-ND 4.0,CC BY-NC-ND 4.0
毎月短歌24,アゲとチクワ,https://x.com/age_to_chikuwa,三首,最終候補作品（小結）,"誰からも嫌われなかったレモンサワー出会ったときに恋人がいた
ハニーレモン　甘酸っぱさにさよならを告げれば苦さ残す秋風
絞るたび出てくるハンドクリームの檸檬あなたがまだ胸にいる",れもん,https://x.com/l0vemash,真朱,「甘酸っぱい恋」のような表現はある意味使い古されているかもしれないけれど、この作品は甘酸っぱい恋をド直球に、それでいてとても繊細に描いていて好きでした。緩やかな温度感と、比喩の距離感も素敵です。特に一首目の↑のお歌は続きが気になって仕方ありませんでした。,CC BY-NC-ND 4.0,CC BY-NC-ND 4.0
毎月短歌24,音忘信,https://x.com/onborn6,連作,最優秀賞,谷折りを何回もして影深く大人になるには必要だったファミレスのパセリのようだ放置とは壁面ミラーでいくつも増えてナプキンに描くミッフィーの口元はバツの印としてそこにあるいくらでも代わりはいるという人の口を縫いたい手を使わずにデザインは売れるかどうかでほめられる数量的な仕事ばかりの重なったまま吸いこんで詰まる機器 辞めると逃げるは同義語じゃない夕方の美術準備室に戻りたい光と影のどちらも綺麗セルフオブリタレイションわたしごと草間彌生のドットに混ぜて新しい魂の位置に立つように退職届を山折りにする,山折り,https://x.com/spring_bird_gr?s=21&t=wOrN1Xvpo3pAyUvLnxwVUQ,はるかぜ,・デザイナーの屈折と決意の連作と読みました。情報を小出しにして徐々に主体の人物像がはっきりしていく構成で読み応えがありました。・自分のやりたいこと・好きなことに対し、社会のやり切れなさやしんどさが軽いタッチで描かれており、いい塩梅にユーモラスでした。・ファミレス→ナプキン/ミッフィーの口元→口を縫いたい/上司っぽさ→数量的な仕事…といった、二首目から六首目までの各短歌の接続が鮮やかでした。・四首目「手を使わずに」に主体の熱意を感じました。デザインへの矜持・信念のようなものが見えつつも、詠み口がサラッとしていて良かったです。・八首目「リタイレクション」はretire + redirectionの造語なのかリダイレクションの誤字なのか。どっちもあるなと読み惑いました。・九首目「新しい魂の位置に立つように」はどんな状態かわかりづらく、かつ「山折りの退職届」に「立つ」とリンクするイメージがないため、比喩としては他の選択肢もあるかもしれません。,CC BY-NC-ND 4.0,CC BY-NC-ND 4.0
毎月短歌24,音忘信,https://x.com/onborn7,連作,優秀賞,旅人の知らない光切り取ってカメラロールに一筋の雲夏生まれ犬派のきみに敵わないチ、ヨ、コ、レ、イ、トと駆け上がってく見えることだけを取り柄にしたタワー独占すべく建つレジデンス徒歩圏の大垣書店の文庫二位たぶんわたしも貢献してる病院で16ミリのネジになる全員どこか不自然なまま切り取れるフイルムだけがない町で流れるだけでいられない川二月、まだ何者にでもなれたころWALKMANだけが音楽でしたこの夏のはじまりだった紫陽花がその浴衣にも咲いて涼風色褪せてなお羽ばたいた万国旗かつてだれかの願いを乗せたパブロンは苦くてちゃんと市販でも大丈夫になる、おやすみなさい,鴨川左岸,https://x.com/fn7rh?s=21&t=wOrN1Xvpo3pAyUvLnxwVUQ,みなせ　あさ,・鴨川辺りに住む主体の生活の連作。終始自然体で読みやすかったです。・四首目、大垣書店像が何となく伝わってきます。親しみやすくていいなと思いました。・九首目、万国旗に思いを馳せています。日本の中でも和の趣が感じられる&近年観光客が増加している京都だからこそ深みが出ているように思いました。・三首目、独占はできないと思います。それとタワーの迫力をレジデンスが薄めてしまったように感じました。・六首目「流れるだけでいられない川」がどんな状態を指しているのかよくわかりませんでした。,CC BY-NC-ND 4.0,CC BY-NC-ND 4.0
毎月短歌24,音忘信,https://x.com/onborn8,連作,優秀賞,慈悲深い朝のひかりに抱かれて泥酔客の乾いた涎人ひとり通れない路地おっさんがギチギチペダル踏みしめ迫る吐瀉物とひとの違いはなんだろねわたしはマリオあと三機ある全身を緑に染めるアーケード空は破れてまぼろしが降る薄暗い店の奥での反省会瓦礫みたいにグラス並べてなにもない空がこわくてわたしたち爛れたように繋がってるの東洋を背負って立った劇場のあおいネオンはしずかに眠り担ぎ手をなくし無言の御神輿が軽トラに乗り国道を往く隙間から隙間がみえる路地の果て　またひとり今吸い込まれたよ軒先に生まれる前から積んである誰が履いてもダサい靴下終電に間に合うように畳むみせ店主はミナミの住まいに帰るまた今度　ひだり手だけで合図して改札口で君をうしなうその昔ニチイがあったと聞いているフェンスに凭れ暫し空白,駅までの空白,https://x.com/kiroi_iorik?s=21&t=wOrN1Xvpo3pAyUvLnxwVUQ,きいろい,・駅までの道中の風景を切り取った連作。大阪でしょうか。治安の悪さが温度を保ったまま伝わりました。過去と現在が自然に繋がっています。連作としてちょうどいい長さでした。・一首一首に実際に見たようなリアリティがありました。短歌のために背伸びしていない感じが良かったです。・七首目、御神輿が軽トラに運ばれていく様がとてもユーモラスで好きでした。本来の担ぎ方と似ているし、軽トラもリアリティがあっていいですね。・序盤に「泥酔客の涎」「吐瀉物」など気持ち悪い短歌が並ぶのは、やや不快な気持ちになりました。・町への見限りのような愛着のような、一言で表せない感情を持っているように見えて良かったです。人間らしいと思います。,CC BY-NC-ND 4.0,CC BY-NC-ND 4.0
毎月短歌24,音忘信,https://x.com/onborn9,連作,優秀賞,のど飴のむせる苦さを舐めている平気な顔が私はできる「これから」の話をもっとしたいのに標識はゆっくり色褪せる沈黙が続くことすら苦しくて、梨に、フォークをざくと刺し込む秒針の音をひたすら追う夜にならないためにラジオを聴いたそうなんだ　ずっと見ていた偶像は君が頷くたびに崩れて寂しさを紛らわせて終わりたいから一番好きな曲教えるね足元にぬるい漣縋りつく行かないでって言えばよかった,ゆっくり色褪せる,https://x.com/88rinrin23?s=21&t=wOrN1Xvpo3pAyUvLnxwVUQ,一色凛夏,・ゆっくり相手との関係が褪せていく一連と読みました。・全体を通して、ゆっくりとした苦しさ・後悔が描かれており、緩やかな坂の傾斜のようなグラデーションを感じて心地よく読めました。・一首目、むせる苦さを平気な顔で受け流しているところが面白かったです。いい温度感だと思います。・二首目「標識はゆっくり色褪せる」。標となる標識が色褪せていくことから、主体はこの関係性が次第に薄れていくことをやんわり悲しんだ、と読みました。・テーマは「ゆっくり」と捉えて読んでいましたが、最後はスパッと終わった印象です。欲を言えば小刻みな時間の流れを見たかったです。,CC BY-NC-ND 4.0,CC BY-NC-ND 4.0
毎月短歌24,音忘信,https://x.com/onborn10,連作,優秀賞,子供持ち　家に根を張り　安定を子供ありきの　営みを見るあれがない　買い物へ行こうと　飛び出して荷物の軽さと　根の重さありどこへ行こ　行き先さえも　無計画そんな選択　出来ることを知る車乗り　外の自由さ　身に染みてこのままアクセル　踏んでどこ行く家路にて　駐車の後にフッと来るこの時の終わり　終わりの自由さ,誰も見ていないとき,https://x.com/niiimiyu?s=21&t=wOrN1Xvpo3pAyUvLnxwVUQ,仁井 海夢,・自由について詠んだ一連。主体の切実さが滲んでいて良かったです。自由さに敏感であることには中年男性のリアリティを感じました。・一首目「子供ありきの営み」は自身のことを俯瞰の視点で捉えていて面白かったです。・五首目「この時の終わり　終わりの自由さ」は一字空けが跳び箱のロイター板のように効いていました。「終わり」にも自由を見出しているのはかっこいい大人だなと。爽やかな後味でした。・それぞれの短歌で感情や何が起きているかわかりやすい反面、ひとつの文章としての読みづらさは感じました。,CC BY-NC-ND 4.0,CC BY-NC-ND 4.0
毎月短歌24,片山晴之,https://x.com/nananana618,三首,１席,Ｙ字路のゆるい分岐をひまわりの少ない方を選んで海へ三つ折の白靴下の踝の校章少しとんがっている夕暮れに無数の貝は鎮まって性も化石化していく浜辺,叫びたかった,https://x.com/Shinnsyutu2020,宇祖田都子,シンプルに上手だなと思いました。1首目の「ひまわりの少ない方」というのが、夏のにぎやかさを避けたい主体の精神性、気分としてよく表れています。2首目で靴下の校章を選んだのも良くて、視覚的、触覚的に伝わってきます。3首目の貝は貝殻ではなくて生きている貝類ととりました。硬い殻の内にみずみずしいというか生々しい身体があるわけで、それも石化してしまうような悠久の時間が夕暮れの浜辺にはある、といったところでしょうか。いいですね。,CC BY-NC-ND 4.0,CC BY-NC-ND 4.0
毎月短歌24,片山晴之,https://x.com/nananana619,三首,２席,Every bee is a minority 威嚇音やさしく響いてるシャングリラサナギから羽化するように悶えつつ美しく残したいしがらみ来世では食物連鎖の中にいて誰も私を責めたりしない,しがら・む【柵む】［動マ四］,https://x.com/inan_erotica,インアン,歌のリズムが心地よい一連でした。1首目、いきなり横文字で、英語の音節としてはEvery bee is a minorityでおそらく2.1.1.1.4なのですが、Every bee/ is a minority/ 威嚇音で5･7･5としてそんなに違和感ない気がします。焦点は個に当たっていて、「威嚇音」というと怖い印象ですが、そういうものが飛び交っている、戦闘状態のようなものを好ましく捉えているみたいです。2首目で「羽化するように」とハチの話から普遍的なものに意識が広がって3首目に繋がっていく、辿りやすい流れだなと思いました。食う喰われるという残酷だけど明快な関係を解放的に感じていて、それは自分の加害的な側面への後ろめたさから発しているというように読みました。,CC BY-NC-ND 4.0,CC BY-NC-ND 4.0
毎月短歌24,片山晴之,https://x.com/nananana620,三首,３席,われわれの魂に触るる人の声その詠ずるは祈りのやうに息をするさへも躊躇ふ葡萄酒のごとき言葉に包まれしとき聖なる夜そと放たるる詩にみなの吐息がとけてゆるやかに消ゆる,朗読会,https://x.com/aoi22light,瑞乃ゆみ,「祈り」「葡萄酒」「聖なる夜」とキリスト教モチーフのようです。説教の場面なのかと思いましたが、そのイメージを重ねているだけで実際は詩の朗読なんですね。そのワンシーンが丁寧に描写されていて、「吐息がとけて」と恍惚とした一体感が伝わってきますが、「われわれの」「みなの」と人称を複数にしているところは盲信的な香りもしてやや怖いです。おそらく3首目の終わりは終止形で「消ゆ」ではないですか。,CC BY-NC-ND 4.0,CC BY-NC-ND 4.0
毎月短歌24,片山晴之,https://x.com/nananana621,三首,４席,空き缶になれば良かった　拒まれた日の翌朝の川縁をゆくからっぽを埋める水とか小魚のコロニー　そこに意志がなくても満たされることをよろこぶ素直さを受け容れて、手放せば　いつしか,素直な容れ物,https://x.com/murasaki_zanshi,村崎残滓,飛躍がありながらもなんとなくつながりが感じられる一連です。1首目、「拒まれた」と具体的な内容はわかりませんがそういう傷つきのシチュエーションだと言っていて、そうすると空き缶(の空白)というのは感情の源泉のようなことかなと読みました。何も感じずにいられる存在だったらなと。2首目、人工的なものに覆われている環境のなかでも、ちょっとした隙間に自然発生的な、有機的なもの、生き物の気配が見つかったりしますね。3首目、手放せばというのは文法的には「素直さ」を受けているように読めますがどうでしょうか。論理的に整理するのは難しいですが、一連通して情動的なものは肯定しつつ、それに惑わされずにありたいのかなと伝わってきました。,CC BY-NC-ND 4.0,CC BY-NC-ND 4.0
毎月短歌24,片山晴之,https://x.com/nananana622,三首,５席,遠くから真紅の旗をたずさえてわたし所属のパレードが来る結び目は神経伝達物質の間違いだらけのあやとりの跡体温を分けて欲しいといえなくてまた遠ざかる隊列のおと,パレード,https://x.com/spring_bird_gr,はるかぜ,1首目、真紅の旗で大仰な雰囲気です。「わたし所属のパレード」はわたしが所属しているのか、わたしに所属しているのかどちらでしょう。後者な気がしましたが、そうするとこれは心象風景で、パレードは何かにぎやかなものが投影されたイメージととれます。2首目、神経伝達物質というのはセロトニンとかドパミンとか、そういうニューロン間の情報伝達を担っている物質です。細長いニューロンをあやとりのヒモに見立てて、思考や感情のこんがらがっている様子を描いているのだと思います。3首目、隊列は1首目のパレードの隊列と読みました。うまくコミットできず寂しい様子が2首目からの流れで受け取れます。3首の中で大きな動きからミクロな視点に収縮して、また拡がっていくダイナミズムが心地よいところです。,CC BY-NC-ND 4.0,CC BY-NC-ND 4.0
毎月短歌24,片山晴之,https://x.com/nananana623,三首,佳作,老人が夕陽のふくらはぎで漕ぐ、もうアシストを止めた自転車原色が溢れる夏を避けながら彩度が落ちた町を歩いたあの時の百万円があったなら、このお刺身は迷わず買えた,日暮し,https://x.com/mouse_not_mouth,ねずみ,「夕陽のふくらはぎ」は夕陽を受けているということでしょうか。自転車を漕ぐ光景にふくらはぎが出てくるのは、肉感的で面白いです。3首を一連とすることでの効果はあまり感じませんでしたが、それぞれ読みどころがあります。,CC BY-NC-ND 4.0,CC BY-NC-ND 4.0
毎月短歌24,片山晴之,https://x.com/nananana624,三首,佳作,大気とは違う重みが足攫うあちらこちらで息の吐く音描くたびあの人はあの人に戻る胡瓜は瑞々しくそこにある終末に近づくはやさを悟りつつテレビカードは正しく減たり,いのちの病棟,https://x.com/mahounomahou,まほう野まほう,読んでいて言葉の選択にしっかり根拠があるような気がして実体験ベースなのかなと思いました。なんでテレビカードなんだろうと思いましたが、タイトル・コメントを見てわかりました。病棟での話なんですね。,CC BY-NC-ND 4.0,CC BY-NC-ND 4.0
毎月短歌24,片山晴之,https://x.com/nananana625,三首,佳作,ことばにはならないものが多すぎて空を四角に切り取ってみるいきますか・いかないですか　霧のなか夢の入り口に立つ紫陽花もうしばらくはここにいて雲間から荷物がとどくのを待っている,雲間から,https://x.com/moonnight_rain,月夜の雨,はっきりとわかりませんが、現実と夢のあわいあたりで、空と交信を試みている感じでしょうか。なんか面白いです。夢の入り口に立っているのが紫陽花なのも、ちょっと不気味さがあっていいです。,CC BY-NC-ND 4.0,CC BY-NC-ND 4.0
毎月短歌24,片山晴之,https://x.com/nananana626,三首,佳作,この部屋に臍帯をつなぎ息をしよう生存不能な宇宙だからさ焼き加減たしかめてくれる？　外の世界見てないうちに焦げはじめてる回転する銀河　ふいにぼくだけが無敵となれる設定がある／ない,capsule,https://x.com/aonosaku31,青野 朔,「部屋」に「臍帯」など連想しやすく言葉の組み合わせが良い気がします。一首一首のなかで自由に遊べている感じが楽しげです。,CC BY-NC-ND 4.0,CC BY-NC-ND 4.0
毎月短歌24,片山晴之,https://x.com/nananana627,三首,佳作,少なくなると妻が水道水を足しJOYが大して仕事をしない泡ハンドソープすこすこ音を立て最後に近い泡振り絞る詰め替えを必要な分買い込んでカルディのエコバッグちぎれそう,カルディのエコバッグ,https://x.com/ume_dori,梅鶏,さっぱりした生活詠で好感が持てます。すこすこ音がしますね。まばらですぐつぶれる泡が少しずつ出てきます。,CC BY-NC-ND 4.0,CC BY-NC-ND 4.0
毎月短歌24,片山晴之,https://x.com/nananana628,三首,佳作,どこまでが今日なのだろう ケータイの充電はあと１０パーセントどこまでが空なのだろう ドーナツをかじれば消えてなくなった穴どこまでが僕なのだろう コラボしたキャラが書かれたポカリスエット,どこまでが,https://x.com/teto_starlight,てと,書き出しが同じ3首のコンセプチュアルな一連です。3首くらいでちょうどいい気がしますね。時間、空間、同一性といったテーマで上の句と下の句が響いています。,CC BY-NC-ND 4.0,CC BY-NC-ND 4.0
毎月短歌24,斎藤君,https://x.com/6699Kono,連作,１席,角砂糖をつまむトングの塩とかを運ぶ機能のないところがいいティーカップに四つ入れたら田んぼの田だね　そうだね、三つちょうだいほとんどのレモンは残されてしまう収まることを強いられたのに慎ましい酸を味わう日本にはそれを咎めるマダムはいない「ハーフっていいよね」もしも同じ人として認識されなかったら？ロンドンのつもりで歩くいくつかのイントネーションを転がしながら田んぼから出てきたこわいおじさんに戦争のことで怒られている早足で通り過ぎても通学路沿いにある土地たぶん明日も浮かんでも沈んでもいけない学校の期待に沿えばアン・ラーニングアンニャン　とても正しいonionを聴き取れない先生のクラスで三と川はたぶん///（スラッシュ）で誤魔化せる　だけど間違えないよこんなの半開きの窓際に吹く風がある　友達なんかいなくっていい「オギノでみた」と市川さんに見つかって、私、オギノに行かない、二度と川沿いをとばす自転車　ひとりがいい！一人がいい！　独りがいい！　　ヒトリガ駐輪場に同じ学校のシールがなくてよかった　プールに逃げるエアロビクスを終えた老女の視界からうまくすり抜けられる脱衣所二〇〇〇キロメートルほどを二か月で静かに進む背泳ぎがすき流されるまではかたちを保つこと　カップの外に出ると決めれば誰もいないプールでレモン・スライスになるときだけは寂しく在れた――ながいながい漂流　個々を拾いあげて愛でる貴方の二本の腕は,レモン・スライス,村崎残滓,https://x.com/murasaki_zanshi,結句の処理という点で図抜けた魅力のある作品で、ニ十首という歌の数にも関わらず、まったくダレることなく走り抜けています。韻律をうまく崩した歌が適度に配置されていることもそれに大きく寄与していると思います。また、読点、「　」、///、？、！、ーーなどを使用し、歌にバリエーションを持たせているのですが、そのどれもに奇をてらった嫌らしさがまったくありません。歌意を汲み取るのに苦労しない歌ばかりにも関わらず、しっかりと詩情を立ち上がらせているのにも震えました。,CC BY-NC-ND 4.0,CC BY-NC-ND 4.0
毎月短歌24,斎藤君,https://x.com/6699Kono,連作,２席,青空が天啓みたいに降り注ぎ人はルールを守っても死ぬ逆光で撮った写真は表情がわからないからデリート出来ない退屈を塗り潰す様な労働で悩む暇すらなくなっていくカーテンを買うのが面倒くさくなり、生成りの布をぶら下げている青春は大学時代で打ち止めで今は何色の季節でもない正解があるわけないけどジャージってどう着こなして良いかわからんパラレルな世界の私は床の上からずっと動けぬままに戦争そうやって麦茶は麦茶然として宇宙の果てでも麦茶はおいしい,正解があるわけない,奈路 侃,https://x.com/osorakukajin,大学を卒業して社会人になった主体の色褪せた、よるべのない日常を描いた連作と読みました。一首目がバチクソに好きです。六・七・八首目も、非常にユニークな視点と心地よい韻律がありぐっと惹きつけられました。このテーマでさらに歌の数を増やし、大型化した連作も読んでみたいと思わせてくれる作品でした。,CC BY-NC-ND 4.0,CC BY-NC-ND 4.0
毎月短歌24,斎藤君,https://x.com/6699Kono,連作,３席,慈悲深い朝のひかりに抱かれて泥酔客の乾いた涎人ひとり通れない路地おっさんがギチギチペダル踏みしめ迫る吐瀉物とひとの違いはなんだろねわたしはマリオあと三機ある全身を緑に染めるアーケード空は破れてまぼろしが降る薄暗い店の奥での反省会瓦礫みたいにグラス並べてなにもない空がこわくてわたしたち爛れたように繋がってるの東洋を背負って立った劇場のあおいネオンはしずかに眠り担ぎ手をなくし無言の御神輿が軽トラに乗り国道を往く隙間から隙間がみえる路地の果て　またひとり今吸い込まれたよ軒先に生まれる前から積んである誰が履いてもダサい靴下終電に間に合うように畳むみせ店主はミナミの住まいに帰るまた今度　ひだり手だけで合図して改札口で君をうしなうその昔ニチイがあったと聞いているフェンスに凭れ暫し空白,駅までの空白,きいろい,https://x.com/kiroi_iorik?s=21&t=wOrN1Xvpo3pAyUvLnxwVUQ,タイトルの通り、駅までの道のりにおける嘱目の風景を描写している連作ですが、一首一首にそれぞれ違った多様な面白味があります。一首一首が立っているので連作全体を通してダレずに読むことができました。一首目が涎の体言止め、最後が空白の体言止めで終わっているところが個人的には好きです。作者の事物を見つめる力が際立った連作だと思います。,CC BY-NC-ND 4.0,CC BY-NC-ND 4.0
毎月短歌24,斎藤君,https://x.com/6699Kono,連作,佳作（一首部門）,谷折りを何回もして影深く大人になるには必要だったファミレスのパセリのようだ放置とは壁面ミラーでいくつも増えてナプキンに描くミッフィーの口元はバツの印としてそこにあるいくらでも代わりはいるという人の口を縫いたい手を使わずにデザインは売れるかどうかでほめられる数量的な仕事ばかりの重なったまま吸いこんで詰まる機器 辞めると逃げるは同義語じゃない夕方の美術準備室に戻りたい光と影のどちらも綺麗セルフオブリタレイションわたしごと草間彌生のドットに混ぜて新しい魂の位置に立つように退職届を山折りにする,山折り,はるかぜ,https://x.com/spring_bird_gr?s=21&t=wOrN1Xvpo3pAyUvLnxwVUQ,,CC BY-NC-ND 4.0,CC BY-NC-ND 4.0
毎月短歌24,斎藤君,https://x.com/6699Kono,連作,佳作（一首部門）,今駆けて行くからどうか間に合って　空は塔　いつかの罪の雷のみんなその廃墟の感情を思って石から生まれてきた言葉適当に破った紙を手渡せばパズルって言う暴力のことまたねって祈りだろうか　反射する砂利だけ白い夏の手前でただ一度だけの歯並び光らせて並んで話す友達だった青銅のような横顔忘れない　生きているって抗う事だようぶすなの星のこどもの指切りでまた会う約束をしましょう天窓は嵌め殺されて　うつくしく通り過ぎるだけの空色,After Babel,川瀬十萠子,https://x.com/nagikawase,,CC BY-NC-ND 4.0,CC BY-NC-ND 4.0
毎月短歌24,斎藤君,https://x.com/6699Kono,連作,佳作（一首部門）,"まっさらな海をめぐらせ立ちすくむ満ち満ちていたかつての海を駐車場撒かれた砂利に混じる海　石灰岩に眠るウミユリお宝がガチャガチャで出る百円を二枚回して　コパルアンバー確率の話は苦手　されたなら遠い浪漫に置き換えて聞くサリサリと円を描いて整える舞う欠片にも歴史は宿る生きていることも若さも億年の歴史の前の異なる定義半化石《はんかせき》自我が残るとまだ脆く崩れるというまだ生きている手を掛けることはかなしい宝石となって失《う》せゆく輝きもある水が染《し》み光とろける#1000《せんばん》で磨くコパルのなめらかな角《かど》残るなら右の槌骨《つちこつ》ことごとくあまねく音を留《とど》めた骨をfossilの音の響きは年老いて風にまぎれて消えそうで好き震えずに届かなかった声を聴く　すべてのものは消えずに残るこうやって選んできたの　気付かれず眠り続けることになってもこの先で化石となったそのときは琥珀の集《つど》う岸に鳴らして""",fossil,せんぱい,https://x.com/tenran_harugiri,,CC BY-NC-ND 4.0,CC BY-NC-ND 4.0
毎月短歌24,斎藤君,https://x.com/6699Kono,連作,佳作（一首部門）,"真夏日のたびに記憶がひと夏ずつ消されてしまう魔法にかかる
忘れても差し支えない夏があるたとえばバイトだけの夏とか
最後まで残してほしい夏があるせつなくないし美しくない
人生でいちばんバカが旬だった二十二度目の夏が恋しい
解呪されなくてもいいよ忘れていい夏さえ来れば夏さえ来れば
生きている限り必ずｎ＋１《えぬぷらすいち》になるから　君が恋しい",ｎ度目の夏へ,北乃銀猫,https://x.com/Silbernekatze_,,CC BY-NC-ND 4.0,CC BY-NC-ND 4.0
毎月短歌24,斎藤君,https://x.com/6699Kono,連作,佳作（一首部門）,コンカフェ嬢に手を振り返す夜の街歩きコンサルティング界隈おしとやか　部屋は片付いてるはずで大きめの本棚があるはずで狂おうと思えば狂え楽になれ君と101回のワンチャンペディキュアのベースコートが乾くまで舐めてて　割に合わないトライ可愛い子が隣で笑っているという嬉しさ　お前にとってのキモさ沈黙は金、雄弁は銀　お見事　弾かれましたプラチナカード「あ、赤だ」信号の五歩前に言ったねタクシー拾うまで待ってあげる足蹴にされてたおじさんチャリで逃げ去り足蹴にしてたおじさん　生きてく,night lie lady,丘図図,https://x.com/electric_myself,,CC BY-NC-ND 4.0,CC BY-NC-ND 4.0
毎月短歌24,斎藤君,https://x.com/6699Kono,連作,佳作（一首部門）,そうなったまでの過程は知らないが電子レンジの中にセミがいる洗濯機回せばすぐに乾くので明日でいいやとまた先延ばしエアコンが壊れて煮える熱帯夜麦茶もずっと熱いままだし当事者じゃなくなったからテレビ見て高校球児を応援できるスーパーのでかいスイカが安いとき冷蔵庫の大きさを忘れるコンビニで冷たいお茶を買ってきてほこりをかぶるジューサーミキサー扇風機アアアわたしは宇宙人アアアわたしの帰る星はどこ十年はもつと言われたLEDわたしにはあと何回の夏,夏物家電,汐留ライス,https://x.com/RCodome,,CC BY-NC-ND 4.0,CC BY-NC-ND 4.0
毎月短歌24,斎藤君,https://x.com/6699Kono,連作,佳作（一首部門）,七色に入れなかった色たちで開くないしょのにじ会があるあいまいなことばっかりの世の中で空は確かに私に青い恋をして恋をしてまたはらわたがことばがぜんぶ獣のようだなんとなく世間が認めた性愛を羨みながら今日も絵を踏む穢れずに生きる決意もないままに好んで着てる白いTシャツ戯言のような誓いをして友が銀色の輪を指に嵌めゆく辞めるのはいつでもできてどこまでが私なのかが分からないだけ青薔薇をいつか一輪もらう日に世界はぜんぶ色づくでしょういえ、ずっと愛の話をしています 「まだ降ってる？」と尋ねた夜も,Color of heart,木ノ宮むじな,https://x.com/rebelxduck,,CC BY-NC-ND 4.0,CC BY-NC-ND 4.0
毎月短歌24,斎藤君,https://x.com/6699Kono,連作,佳作（一首部門）,パーカーのひもが踏んでるステップを真似して踊るとこがかわいいパッと咲くバイオレットの花たちが切り取っていく記憶の中に友だちでしかないきみにパリパリと剥がされていく私の温度パーフェクト、パフェ、パートナー、パラダイス パが破裂して引いていく波目の前を歩く女の鞄からアパの社長がこっちを見てる,パ,てと,https://x.com/teto_starlight,,CC BY-NC-ND 4.0,CC BY-NC-ND 4.0
毎月短歌24,斎藤君,https://x.com/6699Kono,連作,佳作（一首部門）,"魚偏に弱いと書いて鰯《いわし》だが人偏だったら吾のことなり
虎は死して皮、人は名を残すと謂うが吾は骨も残らぬだろう
生き方が不器用なれど定年を全うできた父と吾の差
型は古いが中古ではありません 僕の「売り」はこれしかないのです
そうだった あの日摩周湖は晴れていた だから結婚できないんだ",自虐五選,よいしょ上手の高木さん,https://x.com/Precure_Yoisho,,CC BY-NC-ND 4.0,CC BY-NC-ND 4.0
毎月短歌24,斎藤君,https://x.com/6699Kono,連作,佳作（一首部門）,液晶で偶然君を捕まえていいねが欲しい証拠が欲しい俺だけに清きいいねを。毎日の訪問だってもてなせるから。間隔があけば心も遠ざかる欲しがったから足りなくなったどっちでもいいけどいつかおかえりを言いたいからまたいいねしに来てプライドの高い現実敗北者　SNSで踊り争う液晶の檻で欲張る令和ではログインボーナスは他者との差無いと成功できないことはなかろうが、成功者にはいいねが多いどちらかが消えれば二度と掴めない程度の糸に踊らされている液晶の檻で欲張る令和ではログアウトした順に輝く,SNS SOLDIER,琉生,https://x.com/no_rain_no_kasa,,CC BY-NC-ND 4.0,CC BY-NC-ND 4.0
毎月短歌24,斎藤君,https://x.com/6699Kono,連作,佳作（一首部門）,のど飴のむせる苦さを舐めている平気な顔が私はできる「これから」の話をもっとしたいのに標識はゆっくり色褪せる沈黙が続くことすら苦しくて、梨に、フォークをざくと刺し込む秒針の音をひたすら追う夜にならないためにラジオを聴いたそうなんだ　ずっと見ていた偶像は君が頷くたびに崩れて寂しさを紛らわせて終わりたいから一番好きな曲教えるね足元にぬるい漣縋りつく行かないでって言えばよかった,ゆっくり色褪せる,一色凛夏,https://x.com/88rinrin23?s=21&t=wOrN1Xvpo3pAyUvLnxwVUQ,,CC BY-NC-ND 4.0,CC BY-NC-ND 4.0
毎月短歌24,斎藤君,https://x.com/6699Kono,連作,佳作（一首部門）,"一年で一番短い夜が来るトリコロールに弾みだす音
沈まない太陽　逃げ場のない暑さ　ボリュームをあげるFête de la Musique （フェットラミュージク）
額から腕から指先毛先からほとばしる汗は音符にかわる
原色も中間色も音の海に渦まいてやがて黄昏の赤
明日から冬に向かってかたむいていく太陽をもう少しだけ",Fête de la Musique（フェットラミュージク）,小仲翠太,https://x.com/OnakaSuiTanka,,CC BY-NC-ND 4.0,CC BY-NC-ND 4.0
毎月短歌24,斎藤君,https://x.com/6699Kono,連作,佳作（一首部門）,"盗塁のコツは帰塁が巧いこともと来た道をおぼえてること
頭部への死球で転倒する打者こんな夏を望んだんじゃない
走っても走ってもまだ着かなくて終わらないってたぶん地獄だ
ほんのりと残るアナタの気配すら徐々に真夏の光にきえる
是が非でも夢を勝ちとる瞬間をアナタにだけは見ていてほしい",甲子園予選あるいはREGRET OF SUMMER,空虚 シガイ,https://x.com/36aoRu1Re4K4AbR,,CC BY-NC-ND 4.0,CC BY-NC-ND 4.0
毎月短歌24,斎藤君,https://x.com/6699Kono,連作,佳作（一首部門）,"ごくわずか入った毒を吸い上げてすくすく伸びて行くチューリップ
まだ生きているのね蕾が水浮かび何も知らずに満開に咲く
弔いの赤い花束わたくしの小さいわたくしがまた消えた
神様が手放したあとアネモネの花は色とりどりに咲いてた
脳漿が路面に爆ぜた夢見には花の群生地をまた残す",花の群生地,枝香,https://x.com/toDazaihu,,CC BY-NC-ND 4.0,CC BY-NC-ND 4.0
毎月短歌24,斎藤君,https://x.com/6699Kono,連作,佳作（一首部門）,旅人の知らない光切り取ってカメラロールに一筋の雲夏生まれ犬派のきみに敵わないチ、ヨ、コ、レ、イ、トと駆け上がってく見えることだけを取り柄にしたタワー独占すべく建つレジデンス徒歩圏の大垣書店の文庫二位たぶんわたしも貢献してる病院で16ミリのネジになる全員どこか不自然なまま切り取れるフイルムだけがない町で流れるだけでいられない川二月、まだ何者にでもなれたころWALKMANだけが音楽でしたこの夏のはじまりだった紫陽花がその浴衣にも咲いて涼風色褪せてなお羽ばたいた万国旗かつてだれかの願いを乗せたパブロンは苦くてちゃんと市販でも大丈夫になる、おやすみなさい,鴨川左岸,みなせ　あさ,https://x.com/fn7rh?s=21&t=wOrN1Xvpo3pAyUvLnxwVUQ,,CC BY-NC-ND 4.0,CC BY-NC-ND 4.0
毎月短歌24,椎本阿吽,https://x.com/owo_aun_owo,連作,首席（花園賞）,角砂糖をつまむトングの塩とかを運ぶ機能のないところがいい ティーカップに四つ入れたら田んぼの田だね　そうだね、三つちょうだいほとんどのレモンは残されてしまう収まることを強いられたのに慎ましい酸を味わう日本にはそれを咎めるマダムはいない「ハーフっていいよね」もしも同じ人として認識されなかったら？ロンドンのつもりで歩くいくつかのイントネーションを転がしながら田んぼから出てきたこわいおじさんに戦争のことで怒られている早足で通り過ぎても通学路沿いにある土地たぶん明日も浮かんでも沈んでもいけない学校の期待に沿えばアン・ラーニングアンニャン　とても正しいonionを聴き取れない先生のクラスで三と川はたぶん///（スラッシュ）で誤魔化せる　だけど間違えないよこんなの半開きの窓際に吹く風がある　友達なんかいなくっていい「オギノでみた」と市川さんに見つかって、私、オギノに行かない、二度と川沿いをとばす自転車　ひとりがいい！一人がいい！　独りがいい！　　ヒトリガ駐輪場に同じ学校のシールがなくてよかった　プールに逃げるエアロビクスを終えた老女の視界からうまくすり抜けられる脱衣所二〇〇〇キロメートルほどを二か月で静かに進む背泳ぎがすき流されるまではかたちを保つこと　カップの外に出ると決めれば誰もいないプールでレモン・スライスになるときだけは寂しく在れた――ながいながい漂流　個々を拾いあげて愛でる貴方の二本の腕は,レモン・スライス,村崎残滓,https://x.com/murasaki_zanshi,田んぼから出てきたこわいおじさんに戦争のことで怒られているアンニャン　とても正しいonionを聴き取れない先生のクラスでエアロビクスを終えた老女の視界からうまくすり抜けられる脱衣所連作の始まり方、テーマである「ハーフ」「学生」「周囲へのなじめなさ」「プール」といった情報の開示の仕方、そして収束の仕方、すべてがスムーズに行われている、完成度が高い連作だと思いました。一首目、田んぼから出てくる異質なおじさんに、戦争のことで怒られるという異質な状況。逃げることのできない恐ろしい状況ながらも、客観的に落ち着いて語られることで、奇妙なリアリティを感じました。この次の一首で、作中主体が学生であると知ると、なおさらこの状況の恐ろしさが際立ちます。二首目、本来正しい英語を教えるべきである英語の先生からすら、弾かれるとても正しい発音のOnion。ハーフである作中主体の置かれている状況を表しているいい歌だと思いました。ネイティブの発音のアンニャン、という四音の後に一音空白が開くのも、授業中の沈黙を想起させられます。三首目、プールでの一場面を、非常に上手に描写できている歌です。なんとなくですが、プールでエアロビクスをする人は非常に行動的で明るい気がします。そんな人に見つからないように、プールの脱衣所を通っていく。一首目でおじさんに見つかってしまった作中主体は、ここではきちんと逃げられている。,CC BY-NC-ND 4.0,CC BY-NC-ND 4.0
毎月短歌24,椎本阿吽,https://x.com/owo_aun_owo,連作,次席（花畑賞）,"""まっさらな海をめぐらせ立ちすくむ満ち満ちていたかつての海を駐車場撒かれた砂利に混じる海　石灰岩に眠るウミユリお宝がガチャガチャで出る百円を二枚回して　コパルアンバー確率の話は苦手　されたなら遠い浪漫に置き換えて聞くサリサリと円を描いて整える舞う欠片にも歴史は宿る生きていることも若さも億年の歴史の前の異なる定義半化石《はんかせき》自我が残るとまだ脆く崩れるというまだ生きている手を掛けることはかなしい宝石となって失《う》せゆく輝きもある水が染《し》み光とろける#1000《せんばん》で磨くコパルのなめらかな角《かど》残るなら右の槌骨《つちこつ》ことごとくあまねく音を留《とど》めた骨をfossilの音の響きは年老いて風にまぎれて消えそうで好き震えずに届かなかった声を聴く　すべてのものは消えずに残るこうやって選んできたの　気付かれず眠り続けることになってもこの先で化石となったそのときは琥珀の集《つど》う岸に鳴らして""",fossil,せんぱい,https://x.com/tenran_harugiri,確率の話は苦手　されたなら遠い浪漫に置き換えて聞く手を掛けることはかなしい宝石となって失うせゆく輝きもある水が染み光とろける#1000せんばんで磨くコパルのなめらかな角全篇を通して、化石を一つのテーマに据えた連作です。全体的に表現に優しいユーモアが漂っていて、読んでいて朗らかな気持ちになる連作でした。一首目、確率と言う少し難しい話を、遠い浪漫に置き換えるという発想の飛ばし方が面白かったです。苦手、と言いながらもきちんと自分にとって分かりやすいものに置き換えて聞こうとする意思も素敵です。二首目、宝石の原石にある、野性味のある美しさ。それに手を加えることで、整った美しい宝石として売りに出されている。避けられないことではあるんだけど、手を掛けることで失うものが生まれてしまう、その悲しさを巧みに表現しています。三首目、#1000とはサンドペーパーの番手、粗さを表す指標。#1000は極細目と呼ばれる、非常に細かいものだそうです。そしてコパルとは琥珀のこと。樹液から生まれた化石を、細い細い紙やすりで磨いていく。普通の宝石と比べて柔らかいイメージの琥珀に、光とろける、という表現が非常にぴったりと合わさっていて、美しい一首でした。,CC BY-NC-ND 4.0,CC BY-NC-ND 4.0
毎月短歌24,椎本阿吽,https://x.com/owo_aun_owo,連作,三席（花束賞）,"""コンカフェ嬢に手を振り返す夜の街歩きコンサルティング界隈おしとやか　部屋は片付いてるはずで大きめの本棚があるはずで狂おうと思えば狂え楽になれ君と101回のワンチャンペディキュアのベースコートが乾くまで舐めてて　割に合わないトライ可愛い子が隣で笑っているという嬉しさ　お前にとってのキモさ沈黙は金、雄弁は銀　お見事　弾かれましたプラチナカード「あ、赤だ」信号の五歩前に言ったねタクシー拾うまで待ってあげる足蹴にされてたおじさんチャリで逃げ去り足蹴にしてたおじさん　生きてく""",night lie lady,丘図図,https://x.com/electric_myself,おしとやか　部屋は片付いてるはずで大きめの本棚があるはずで可愛い子が隣で笑っているという嬉しさ　お前にとってのキモさ「あ、赤だ」信号の五歩前に言ったねタクシー拾うまで待ってあげるコンカフェやキャバクラといったサービスに通う男性を軸にした、珍しい連作です。あまり、こっちの視点での連作は読んだことなかったので、非常に新鮮な気持ちで読みました。こういうテーマを扱う際、結構気持ち悪さが強くなりそうではあるのですが、ギリギリのところに抑えられていて、力を感じました。一首目、女性の印象から生活をイメージするという、思考ですが、下の句が若干字余りをしていることで、まだまだ妄想が続いていきそうな、ドツボにはまっていく様が現れています。二首目、とても悲しい自分の客観視。それでも、隣にいる可愛い子を「お前」と言っていることで、この作中主体の性格もどこか感じ取れますね。嫌な目線と自省しているような目線が混じりあって、人間味を強く感じます。三首目、「言ったね」「待ってあげる」といったような、若干舌足らずな言い方が、相手を無意識に下に見ているような印象、そして二首目にも出てきた「キモさ」の表現としてうまいです。相手の企みは分かったうえで、それでもサービスにはこれからも通っていく。空しさがどこまでも続いていくのを感じ取れる一首です。,CC BY-NC-ND 4.0,CC BY-NC-ND 4.0
毎月短歌24,椎本阿吽,https://x.com/owo_aun_owo,連作,三席（花束賞）,"""そうなったまでの過程は知らないが電子レンジの中にセミがいる洗濯機回せばすぐに乾くので明日でいいやとまた先延ばしエアコンが壊れて煮える熱帯夜麦茶もずっと熱いままだし当事者じゃなくなったからテレビ見て高校球児を応援できるスーパーのでかいスイカが安いとき冷蔵庫の大きさを忘れるコンビニで冷たいお茶を買ってきてほこりをかぶるジューサーミキサー扇風機アアアわたしは宇宙人アアアわたしの帰る星はどこ十年はもつと言われたLEDわたしにはあと何回の夏""",夏物家電,汐留ライス,https://x.com/RCodome,スーパーのでかいスイカが安いとき冷蔵庫の大きさを忘れるコンビニで冷たいお茶を買ってきてほこりをかぶるジューサーミキサー扇風機アアア私は宇宙人アアアわたしの帰る星はどこタイトル通り、夏に使う家電を主軸にした連作です。作者のコメントに「奇数の歌は過去作です」とありましたが、結構その過去作が私は好みでした。一首目、非常に良く分かる一首でした。大きいスイカを目の前にすると、食べきれるかとか、入れられるか、といったものをいったん無視してほしくなっちゃう。「でかいスイカ」という雑な大きさの表現が、よりその実感を読み取れるものとなっています。二首目、スーパーではなくコンビニという、若干割高なところで買っていて、ジューサーミキサーという自炊に使う家電がないがしろにされている。リアル。非常にリアルな切なさがあります。三首目、扇風機に向かって声を出して宇宙人の声を出す、というのはとてもありがちな風景ですが、下の句が面白い。宇宙人は帰るところが分からないんですね。ユーモアでありながら、若干の淋しさも感じられる一首です。,CC BY-NC-ND 4.0,CC BY-NC-ND 4.0
毎月短歌24,椎本阿吽,https://x.com/owo_aun_owo,連作,佳作（一輪賞）,口紅のにほひが残るカップにも君がふれたと思へばせつな午後の四時きみのくちびる雨ににじんでこうしてはいけないと知るくだらないことばかりだと笑い合い夜がどこまで続くのだらうこの場所に君がいるつてことだけで有る気がしたんだ未来つてやつぎりぎりでまだ手放さぬ指さきのぬくもりだけがわたしの春よ,夜は続く,あづみのマルコ,https://x.com/azumino_marco,午後の四時きみのくちびる雨ににじんでこうしてはいけないと知る全体に漂う官能的な雰囲気が良かったです。午後の四時という、昼の終わり際の時刻がとてもしっくりとくる。,CC BY-NC-ND 4.0,CC BY-NC-ND 4.0
毎月短歌24,椎本阿吽,https://x.com/owo_aun_owo,連作,佳作（一輪賞）,七色に入れなかった色たちで開くないしょのにじ会があるあいまいなことばっかりの世の中で空は確かに私に青い恋をして恋をしてまたはらわたがことばがぜんぶ獣のようだなんとなく世間が認めた性愛を羨みながら今日も絵を踏む穢れずに生きる決意もないままに好んで着てる白いTシャツ戯言のような誓いをして友が銀色の輪を指に嵌めゆく辞めるのはいつでもできてどこまでが私なのかが分からないだけ青薔薇をいつか一輪もらう日に世界はぜんぶ色づくでしょういえ、ずっと愛の話をしています 「まだ降ってる？」と尋ねた夜も,Color of heart,木ノ宮むじな,https://x.com/rebelxduck,恋をして恋をしてまたはらわたがことばがぜんぶ獣のようだ恋をした時の心情を、臓器という内側、そして言葉という外側すべてが獣のようと表現する荒々しさが、まさに恋の始まり。いいですね。,CC BY-NC-ND 4.0,CC BY-NC-ND 4.0
毎月短歌24,椎本阿吽,https://x.com/owo_aun_owo,連作,佳作（一輪賞）,今駆けて行くからどうか間に合って　空は塔　いつかの罪の雷のみんなその廃墟の感情を思って石から生まれてきた言葉適当に破った紙を手渡せばパズルって言う暴力のことまたねって祈りだろうか　反射する砂利だけ白い夏の手前でただ一度だけの歯並び光らせて並んで話す友達だった青銅のような横顔忘れない　生きているって抗う事だようぶすなの星のこどもの指切りでまた会う約束をしましょう天窓は嵌め殺されて　うつくしく通り過ぎるだけの空色,After Babel,川瀬十萠子,https://x.com/nagikawase,適当に破った紙を手渡せばパズルって言う暴力のこと完成したパズルを作るためには、崩さないといけない。それは確かに暴力です。一枚の紙を破ることも暴力で、でもパズルである。面白い視点です。,CC BY-NC-ND 4.0,CC BY-NC-ND 4.0
毎月短歌24,椎本阿吽,https://x.com/owo_aun_owo,連作,佳作（一輪賞）,青空が天啓みたいに降り注ぎ人はルールを守っても死ぬ逆光で撮った写真は表情がわからないからデリート出来ない退屈を塗り潰す様な労働で悩む暇すらなくなっていくカーテンを買うのが面倒くさくなり、生成りの布をぶら下げている青春は大学時代で打ち止めで今は何色の季節でもない正解があるわけないけどジャージってどう着こなして良いかわからんパラレルな世界の私は床の上からずっと動けぬままに戦争そうやって麦茶は麦茶然として宇宙の果てでも麦茶はおいしい,正解があるわけない,奈路 侃,https://x.com/osorakukajin,逆光で撮った写真は表情がわからないからデリートできない表情が分からないのは逆光のせいであって、その時に確実に表情は作られている。可能性があるからこそ消せない。写真の中の相手への思いが良く伝わりました。,CC BY-NC-ND 4.0,CC BY-NC-ND 4.0
毎月短歌24,椎本阿吽,https://x.com/owo_aun_owo,連作,佳作（一輪賞）,明日もし世界が終わってしまったらあなたと暮らす家は建たない雷がカウントダウンのように鳴る真夏というには早い日の午後録画したままの番組積んだ本結局何にも見ないで終わる来週の予定が立たず行く皮膚科今隕石が落ちたらやだな明日への切符の一つでもないが積んでおく本一冊増やす紙一枚ほどの不安を盾にしてあなたの好きなお酒を買ったねえもっとあなたの夢を語ってよ世界が終わってしまったあとも,信じてないけど,りのん,https://x.com/Linon_non,雷がカウントダウンのように鳴る真夏と言うには早い日の午後雷の終末感のある音によるカウントダウン、そして下の句の徐々に文節が区切られて短くなっていくのも、カウントダウンのようで、韻律が面白い。,CC BY-NC-ND 4.0,CC BY-NC-ND 4.0
毎月短歌24,ZENMI,https://x.com/ZENMIN15,自選,１席,あなたにはこれからの日が 私には過ぎ去った日が車窓に映る,,岡田道一,@OkadaDouitsu,私は先日10年ぶりに生まれ故郷に行きました。新幹線の車窓はとても速く景色を飛ばしていきます。徐々に近づく故郷の景色は懐かしいものもあれば、新しく出来て知らないものもありました。車窓が映し出すものは新鮮であり郷愁に満ちています。この歌のあなたと私には関係性があるのかないのか。私はまったく知らない者同士、たまたま一緒に乗り合わせた人と見ました。あなたと私とでは視点が違う。未来への期待と過去への募り。これ、車窓ってもしかしたら瞳のことなのでは？と思ったりもしました。それぞれ同じものを見ていてもそれに対しての受け止め方の違い。年齢だったり、感性だったり、性別だったり。過去の思い出もまだ見ぬ未来も全て映しだす車窓(瞳)の全能感を感じました。繊細ででっかい歌だなぁと思いました。大好きです。,CC BY-NC-ND 4.0,CC BY-NC-ND 4.0
毎月短歌24,ZENMI,https://x.com/ZENMIN16,自選,２席,お互いに口内炎をみせあって祝日のない月の伴走,,はるかぜ,@spring_bird_gr,私はめちゃめちゃ口内炎ができるタイプです。小学生の頃からよく出来てたのでだいぶ大きいのがあってもトンカツ食べれます。慣れてるんですよねぇ、口内炎マスターです。ちっともイイもんじゃないですね。この歌の2人はどうなんだろう。祝日のない月6月。いつもより休み少なめで労働に勤しむ2人。疲れで出来てしまった口内炎を見せ合うのはとても親密な関係。見せる時かなりブスな顔になる。臆せず見せられる関係だということが「みせあって」という言葉一つで伝わってくる。この2人のドラマが色々想像させられて奥行きのある歌だなぁと思いました。キュンとしました。大好きです。,CC BY-NC-ND 4.0,CC BY-NC-ND 4.0
毎月短歌24,ZENMI,https://x.com/ZENMIN17,自選,３席,わたしにはカーテンのふくらみにすら猫をみるよな後悔がある,,ベーグル,@hakka_kinoko,カーテンが膨らんでいる。そこに猫はいない。だが猫がいてカーテンが膨らんでいるような妄想にとりつかれる。後悔という感情は些細な出来事にもついてまわってきて厄介だ。主体は猫になにかしてやれなかったことがあるのかと思わせるが猫は関係ないことで後悔してるんじゃないかと感じさせる。ふくらんだカーテンひとつで感情を揺さぶられる人間は弱くて愛おしい。,CC BY-NC-ND 4.0,CC BY-NC-ND 4.0
毎月短歌24,ZENMI,https://x.com/ZENMIN18,自選,３席,食卓に花屋で買った一輪を挿して緩める暮らしのリズム,,非常口ドット,@hijyouguch_dot,日々を忙しく生きていると息抜きは必ず必要なものです。人それぞれの息抜きはあるはずで。甘いものを食べるとか、体を動かすとか…。この歌の主体は花を買うことがその方法であるようです。お花、いいですよね。それが一輪でも、部屋に飾るとそこだけスポットライトが当たったような光に満ちた感じがします。慌ただしい速いリズムで進んでいた生活をスローダウンしていく。結句の暮らしのリズムという言葉がちょっとウキウキした感じにさせてくれて、とても気持ちが明るくなる歌だなぁと思いました。だいすきです。,CC BY-NC-ND 4.0,CC BY-NC-ND 4.0
毎月短歌24,ZENMI,https://x.com/ZENMIN19,自選,佳作,保冷剤詰めて潰れたおにぎりの美味さが沁みた朝練終わり,,さに。,,,CC BY-NC-ND 4.0,CC BY-NC-ND 4.0
毎月短歌24,ZENMI,https://x.com/ZENMIN20,自選,佳作,2年前からカーテンがない窓で上映された生活がある,,竜泉寺成田,,,CC BY-NC-ND 4.0,CC BY-NC-ND 4.0
毎月短歌24,ZENMI,https://x.com/ZENMIN21,自選,佳作,ヤマザキのイチゴスペシャルぐらいには君を好きだったような気もする,,四辻,,,CC BY-NC-ND 4.0,CC BY-NC-ND 4.0
毎月短歌24,ZENMI,https://x.com/ZENMIN22,自選,佳作,作っても作ってもすぐ無くなった麦茶が減らずやたら冷たい,,木ノ宮むじな,,,CC BY-NC-ND 4.0,CC BY-NC-ND 4.0
毎月短歌24,ZENMI,https://x.com/ZENMIN23,自選,佳作,誰からも感謝されないシャンプーを補充している夜の浴室,,匂藩茉莉,,,CC BY-NC-ND 4.0,CC BY-NC-ND 4.0
毎月短歌24,ZENMI,https://x.com/ZENMIN24,自選,佳作,たぶんもう誰も拾わぬ退屈があった街角ネトフリを見る,,乃木ひかり,,,CC BY-NC-ND 4.0,CC BY-NC-ND 4.0
毎月短歌24,ZENMI,https://x.com/ZENMIN25,自選,佳作,同じ本読み返すたび線を引く場所の違うどの僕もまっすぐ,,Umi.,,,CC BY-NC-ND 4.0,CC BY-NC-ND 4.0
毎月短歌24,ZENMI,https://x.com/ZENMIN26,自選,佳作,にじいろのひれを踊り場でゆらしているわるいうわさからうまれた魚,,えふぇ,,,CC BY-NC-ND 4.0,CC BY-NC-ND 4.0
毎月短歌24,伏見幸慈,https://x.com/kenzkenz61,自選,１席,この胸はあけておくからきみの持つ荷物置き場にしてくれないか,,https://x.com/18necco18,宮緖かよ,きみのために胸をあけておくけれど、きみが寄りかかってくれることはないし、自分から抱き寄せられるわけでもない。あくまで、きみが持っている重荷を預けてくれれば良い、きみが身軽になって歩んでくれれば良いという、主体のねじれた願いを感じた。幸せにすることはできなくても、幸せになってほしいと願う相手は、誰にでもいるのではないだろうか。主体にとってきみは叶わない恋の相手と読んだが、友人関係とも、成長する子を遠くから思う親心とも読めて、様々な関係値を当てはめることができる一首だと思う。,CC BY-NC-ND 4.0,CC BY-NC-ND 4.0
毎月短歌24,伏見幸慈,https://x.com/kenzkenz62,自選,２席,海鮮丼待ってる君の表情が写ルンですの暗がりにある,,https://x.com/sonatine_yuki,村川愉季,フラッシュなしで撮ったから、現像してみたら思ったよりも暗かった写ルンですの写真。一緒に旅へ行ったふたりにだけは、その暗くてよくわからない写真が「海鮮丼を待っている時」の写真だと分かる。写りの悪い写真を通して、暗がりに残された君の表情を、主体だけが何度でも再生し、新鮮に喜ぶことができるのだと思う。,CC BY-NC-ND 4.0,CC BY-NC-ND 4.0
毎月短歌24,伏見幸慈,https://x.com/kenzkenz63,自選,３席,らしさらしさらしさなどない外枠も断ち切り線も自分で決める,,https://x.com/takekeke00,スーパーはるる,人に言われる「らしさ」、自分に言い聞かせている「らしさ」、らしさという型に篏めようとする声が迫ってくる様が、リフレインに効果的に表れているように感じた。下句では、らしさを自ら断ち切っていく主体の力強い人物像が浮かんできて、勢いよく読み切ることができた一首だった。,CC BY-NC-ND 4.0,CC BY-NC-ND 4.0
毎月短歌24,伏見幸慈,https://x.com/kenzkenz64,自選,気になった歌,あなたにはこれからの日が 私には過ぎ去った日が車窓に映る,,https://x.com/OkadaDouitsu,岡田道一,ボックス席で向かい合っている様子をイメージした。同じ目的地へ向かっているけれど、ふたりは違う方向を見つめている。,CC BY-NC-ND 4.0,CC BY-NC-ND 4.0
毎月短歌24,伏見幸慈,https://x.com/kenzkenz65,自選,気になった歌,もし巨女に言いたいことがあるときは鉄塔に貼るといいよ付箋を,,https://x.com/TEN_57577,てん,本当に巨女に言いたいことがあるならもっと良い方法が絶対あるのに、こう言われると謎の説得力がある。やっぱり付箋もかなり大きいのだろうか。,CC BY-NC-ND 4.0,CC BY-NC-ND 4.0
毎月短歌24,伏見幸慈,https://x.com/kenzkenz66,自選,気になった歌,たからものなのだと思うこんなにもやさしく父に抱かれてぼくは,,https://x.com/teto_starlight,てと,主体が幼い頃のことを回想しているようにも思ったが、果たしてそうなのだろうか。父は老いていって、主体は子どもに戻っている。実際にはありえない時間のねじれから永遠を感じる。,CC BY-NC-ND 4.0,CC BY-NC-ND 4.0
毎月短歌24,伏見幸慈,https://x.com/kenzkenz67,自選,気になった歌,指先で線香花火と打つときも大きい花火のエフェクトが出る,,https://x.com/sonatine_yuki,村川愉季,LINEが季節に合わせ、桜を出したり雪を降らせたり、母の日の花束を出してくれる。線香花火の「花火」だけに反応して、大きな花火を打ち上げてくることを切り取ったのは、良い発見だ。,CC BY-NC-ND 4.0,CC BY-NC-ND 4.0
毎月短歌24,伏見幸慈,https://x.com/kenzkenz68,自選,気になった歌,次きみが海のいのちになるときはわたしの骨をゆっくり食べて,,https://x.com/carda_mm,漁火いさな,骨を食べてもらうことでしか満たすことのできない、主体の屈折した、けれど切実な願いが表れている。生き物を限定せず、「海のいのち」としたところに歌の広がりがある。,CC BY-NC-ND 4.0,CC BY-NC-ND 4.0
毎月短歌24,ぶりきのかに,https://x.com/buriki_tanka,自選,１席,きみの揺らす現像液は羊水のようだわたしを何度も産んで,,はるかぜ,https://twitter.com/spring_bird_gr,"現像処理が必要なフィルムカメラで撮る、私にはこの行為自体に特別性が感じられますが、この歌で切り取られているのは、現像の工程にも、まさにその二人が居合わせている様子です。羊水という比喩なども踏まえて、「きみ」を男性、「わたし」を女性と読みました。フィルムの現像は、フィルムを現像液に浸して液を攪拌することで色調が反転され像が浮かび上がるというプロセスであり、フィルムに映る連続した「わたし」が、今「きみ」の手元で産まれたのだ、という感覚を覚えさせたのでしょう。自分の誕生を見つめる「わたし」の横には、フィルムの「わたし」を励起させた「きみ」がいる。「きみ」が写真を撮って後天的に「わたし」を何度も産んだのを「わたし」は目の当たりにした。ネガからポジへ反転させる現像は「きみ」によって行われた。「きみ」が「わたし」を産んだという奇跡と、それが空想の域でしかないことを「わたし」は""""萌芽として""""知っている。でも「きみ」の手で「わたし」が産まれたことは確かで、「きみ」の中にも今まで出会ったことのない「わたし」が少しだけ息づいたのかもしれない。2人の間に交錯する複雑な思いがこの歌の瞬間に凝縮されていると感じ、今回特に惹かれた歌ということで1席に選ばせていただきました。",CC BY-NC-ND 4.0,CC BY-NC-ND 4.0
毎月短歌24,ぶりきのかに,https://x.com/buriki_tanka,自選,２席,指先で線香花火と打つときも大きい花火のエフェクトが出る,,村川愉季,https://twitter.com/sonatine_yuki,試しにスマホ打ってみたら、バカでかい花火の絵文字が出ました。予測変換は細かい事情を考慮してくれなくて、「お出かけ」と打ったら爆走する赤い自動車が出ます。ちょうどこんな感じで🚗💨いつもすぐ早とちりして世話を焼いてくるけど頭の良いやつが「花火ってこれでしょ」みたいに自信満々に掲げてくるのがかわいくて、そんなに言うなら採用してあげたくなる。多分そんな現象が日本中で起きていて、そしてそもそも線香花火なんてかわいい花火は海外に無いから一向に絵文字もできなくて、だから「線香花火🎆」が今日もどこかで打ちあがっているんだろう。そんな想像がはたらく面白い歌で、単なるあるあるに留まらないところがすごく良いなと思いました。（余談）誰だったか忘れたけど、お母さんからのメールに「買い物行ってきます✈️」と書いてあったエピソードを思い出しました。,CC BY-NC-ND 4.0,CC BY-NC-ND 4.0
毎月短歌24,ぶりきのかに,https://x.com/buriki_tanka,自選,３席,カステラの粗目糖《ざらめ》払って指先に光の雨を降らせるあなた,,川瀬十萠子,https://twitter.com/nagikawase,カステラのいちばんおいしいとこが指に付いて、あなたは払ってキラキラした雨を降らせた。（舐めちゃったらいいのに）と思っただろうか。しかし粗目糖は口に取り込まないことで光の雨になることができた。あなたは知ってそれをやったわけではないと思う。単に育ちが良かっただけかもしれない。粗目糖を光の雨にしたのは作中主体自身であり、あなただけでは雨は降らなかったのだ。主体の中では雨が降り、あなたにそれを伝えても伝えなくてもいい。雨の流れゆく先のことを考えてもいいし、考えなくてもいい。この歌の景自体とても魅かれるものでありますが、背後には短歌そのものに通底する魅力が秘められていると感じました。,CC BY-NC-ND 4.0,CC BY-NC-ND 4.0
毎月短歌24,ぶりきのかに,https://x.com/buriki_tanka,自選,佳作,繰り返すサイトカインストームと闘ってボクらの舌はいつだって苺色,,古井　朔,https://twitter.com/saku_furui,サイトカインストームとは免疫反応が暴走して正常な細胞まで攻撃されることのようです。痛みの中に生きるボクに対し、舌の苺色という生命感をもってきて、その上で「ボクら」と括っているのが、戦いから降りないという覚悟をぴったりと捉えていると思いました。,CC BY-NC-ND 4.0,CC BY-NC-ND 4.0
毎月短歌24,ぶりきのかに,https://x.com/buriki_tanka,自選,佳作,少年がベビーカーから顔を出す　春よ、少女だったかもしれない,,右手のハンマー,https://twitter.com/migitenohammer,その赤子をはじめ少年のようだと思った。それから少女のような気がしてきた。祝福のような赤子、どちらにせよ、春のあいまいな勢いに力を与えていく。春に見る景色や語る言葉は、あいまいで良い気がしてくる。そのような許しがこの歌から感じられました。,CC BY-NC-ND 4.0,CC BY-NC-ND 4.0
毎月短歌24,ぶりきのかに,https://x.com/buriki_tanka,自選,佳作,青虫の溶けて記憶も翅になる思い出さない茂みのほくろ,,よしなに,https://twitter.com/yoshinani_tanka,茂みは髪だったり陰毛だったり、毛のことだと解釈しました。その人には、確かに茂みの中のほくろがあった。今や翅のように決意的に、ほくろの記憶から離れようとしているのでしょうか。「青虫の溶けて」からほくろへと転じていく過程が見事だと思いました。,CC BY-NC-ND 4.0,CC BY-NC-ND 4.0
毎月短歌24,ぶりきのかに,https://x.com/buriki_tanka,自選,好きな短歌,命日はあなたがあちらで生まれた日、って思うことにして花束,,Umi.,https://twitter.com/Umi1146295,,CC BY-NC-ND 4.0,CC BY-NC-ND 4.0
毎月短歌24,ぶりきのかに,https://x.com/buriki_tanka,自選,好きな短歌,『プリンノセターノ』『フルーツモッターノ』あなたをもっと笑わせたかった,,インアン,https://twitter.com/inan_erotica,,CC BY-NC-ND 4.0,CC BY-NC-ND 4.0
毎月短歌24,ぶりきのかに,https://x.com/buriki_tanka,自選,好きな短歌,街の灯のひとつひとつがぎらつきを隠さなくなる夏を含んで,,せんぱい,https://twitter.com/tenran_harugiri,,CC BY-NC-ND 4.0,CC BY-NC-ND 4.0
毎月短歌24,ぶりきのかに,https://x.com/buriki_tanka,自選,好きな短歌,お互いに口内炎をみせあって祝日のない月の伴走,,はるかぜ,https://twitter.com/spring_bird_gr,,CC BY-NC-ND 4.0,CC BY-NC-ND 4.0
毎月短歌24,ぶりきのかに,https://x.com/buriki_tanka,自選,好きな短歌,夕焼けとすこしの夜をかきまぜるように手を振る六時の公園,,メタのおわり,https://twitter.com/_i_il_i_,,CC BY-NC-ND 4.0,CC BY-NC-ND 4.0
毎月短歌24,ぶりきのかに,https://x.com/buriki_tanka,自選,好きな短歌,泣きながら貝殻に耳を押しあてて無神論者の歌う讃美歌,,ゆかりごはん,https://twitter.com/iam_yukarigohan,,CC BY-NC-ND 4.0,CC BY-NC-ND 4.0
毎月短歌24,ぶりきのかに,https://x.com/buriki_tanka,自選,好きな短歌,挨拶が「おつかれ」になった君はもうプリンをプッチンしないのだろう,,ゆかりごはん,https://twitter.com/iam_yukarigohan,,CC BY-NC-ND 4.0,CC BY-NC-ND 4.0
毎月短歌24,ぶりきのかに,https://x.com/buriki_tanka,自選,好きな短歌,暗闇に目がなれるまでそばにいて白紫陽花のうなじの焔,,よしなに,https://twitter.com/yoshinani_tanka,,CC BY-NC-ND 4.0,CC BY-NC-ND 4.0
毎月短歌24,ぶりきのかに,https://x.com/buriki_tanka,自選,好きな短歌,勝手だね君は猫だというだけで私の庭で花を嗅いでる,,宇井モナミ,https://twitter.com/kijousan,,CC BY-NC-ND 4.0,CC BY-NC-ND 4.0
毎月短歌24,ぶりきのかに,https://x.com/buriki_tanka,自選,好きな短歌,私書箱があったらいいな私書箱の手紙を取りにいくときの靴,,宇祖田都子,https://twitter.com/Shinnsyutu2020,,CC BY-NC-ND 4.0,CC BY-NC-ND 4.0
毎月短歌24,ぶりきのかに,https://x.com/buriki_tanka,自選,好きな短歌,もうママを辞めたいなんて言ったことマックシェイクで吸い込んでいる,,奥　かすみ,https://twitter.com/okukasumi,,CC BY-NC-ND 4.0,CC BY-NC-ND 4.0
毎月短歌24,ぶりきのかに,https://x.com/buriki_tanka,自選,好きな短歌,トーストにお手製レモンカード乗せきみの光で朝が始まる,,月瀬 葵葉,https://twitter.com/aoha_tsukise,,CC BY-NC-ND 4.0,CC BY-NC-ND 4.0
毎月短歌24,ぶりきのかに,https://x.com/buriki_tanka,自選,好きな短歌,いつまでも等間隔の傘でした明月院のブルーは濡れて,,古井　朔,https://twitter.com/saku_furui,,CC BY-NC-ND 4.0,CC BY-NC-ND 4.0
毎月短歌24,ぶりきのかに,https://x.com/buriki_tanka,自選,好きな短歌,包丁がなまくらなのでアボカドの種切れないしまだ指がある,,汐留ライス,https://twitter.com/RCodome,,CC BY-NC-ND 4.0,CC BY-NC-ND 4.0
毎月短歌24,ぶりきのかに,https://x.com/buriki_tanka,自選,好きな短歌,「わかる」ってミルクみたいなふりをして紅茶を濁らせてゆく痛み,,真朱,https://twitter.com/l0vemash,,CC BY-NC-ND 4.0,CC BY-NC-ND 4.0
毎月短歌24,ぶりきのかに,https://x.com/buriki_tanka,自選,好きな短歌,玉ねぎを千に切る音涼しくて初夏の鼓膜に雪を踏む音,,川瀬十萠子,https://twitter.com/nagikawase,,CC BY-NC-ND 4.0,CC BY-NC-ND 4.0
毎月短歌24,ぶりきのかに,https://x.com/buriki_tanka,自選,好きな短歌,海鮮丼待ってる君の表情が写ルンですの暗がりにある,,村川愉季,https://twitter.com/sonatine_yuki,,CC BY-NC-ND 4.0,CC BY-NC-ND 4.0
毎月短歌24,ぶりきのかに,https://x.com/buriki_tanka,自選,好きな短歌,喜捨という言葉の響き美しく教科書でしか知らぬイスラム,,奈路 侃,https://twitter.com/osorakukajin,,CC BY-NC-ND 4.0,CC BY-NC-ND 4.0
毎月短歌24,ぶりきのかに,https://x.com/buriki_tanka,自選,好きな短歌,この詩には二人以上の悲しみがあってあれが安達太良山だよ,,乃木ひかり,https://twitter.com/nuttarifan,,CC BY-NC-ND 4.0,CC BY-NC-ND 4.0
毎月短歌24,ぶりきのかに,https://x.com/buriki_tanka,自選,好きな短歌,作っても作ってもすぐ無くなった麦茶が減らずやたら冷たい,,木ノ宮むじな,https://twitter.com/rebelxduck,,CC BY-NC-ND 4.0,CC BY-NC-ND 4.0
毎月短歌24,村田真央,https://x.com/maomurataxyz,自選,金賞,鏡の国のローソンだ レジ打ちの田中は中田 心臓は右,,てん,https://x.com/TEN_57577,一読して、異世界に突然迷い込んでしまったような不安と恐怖を覚えました。通いなれたローソンに入店すると何かがおかしい。レイアウトが違う、商品名も逆さま、レジの田中さんは中田さんになっている…。もしかして全部、鏡写しになっている？と理解し始めたとき、高鳴る心臓の鼓動は自分の「右」胸から聞こえてくる…（ぎゃーーーー！！）２か所に挿入された一字空けの効果でカメラが次々と切り替わり、ホラー映画のように緊迫感と焦燥感を煽られているようでした。また、「鏡の国のローソンだ」の部分。「かがみのくにの／ろーそんだ」と７・５音になっており、「…ここも鏡！？」と気付いた時はめっちゃくちゃ怖かったです。このローソンから退店すれば、心臓の位置は元に戻るのでしょうか。それとも世界がすべて鏡の国になっているのでしょうか。ずっと気になって頭から離れないので、金賞とさせていただきました。,CC BY-NC-ND 4.0,CC BY-NC-ND 4.0
毎月短歌24,村田真央,https://x.com/maomurataxyz,自選,銀賞,アンデルセン童話の少し無理のある和訳でいいじゃないか はたらく,,村崎残滓,https://x.com/murasaki_zanshi,"すべての働く人の心に刺さる短歌なのでは、と胸が熱くなりました。
翻訳には詳しくありませんが、そもそも文化も風習も時代も違う国の物語を和訳するのですから、正確性などについてどこかで妥協が必要な作業になるかと思います。どんな仕事においても、常に全員にとって正しい答えを出し続けるということは不可能に近いですね。私自身も働く上で「あの時どうすればよかったのか？」と思い悩む場面が少なからずあります。
自分自身を「いいじゃないか」と優しく励まし、傷つき悩みながらも前を向いて、それでも「はたらく」という選択をする力強さに、とても勇気をいただいた短歌でした。",CC BY-NC-ND 4.0,CC BY-NC-ND 4.0
毎月短歌24,村田真央,https://x.com/maomurataxyz,自選,銀賞,もし巨女に言いたいことがあるときは鉄塔に貼るといいよ付箋を,,てん,https://x.com/TEN_57577,"一読した後に、疑問符がたくさん湧いてきました。まず巨女ってなに？と思ったら、どうやら気付いてもらうのに鉄塔が必要なくらい背が高いらしい。だとすればおそらく鉄塔の「できるだけ高い位置に」「目に留まるくらい大きい」付箋を貼らないといけないはずなのに、それを簡単そうにアドバイスしているこの人は誰なの。そして誰にアドバイスしているの。そもそも巨女さんに何の用があるの。
たくさんのストーリーが湧いてくる奥行きのある短歌で、いろいろな疑問も自分で考察するのがすごく楽しかったです。
ちなみに私の中の巨女さんは、制服・パンプス姿のOLさんでした。",CC BY-NC-ND 4.0,CC BY-NC-ND 4.0
毎月短歌24,村田真央,https://x.com/maomurataxyz,自選,銅賞,うなずいてしまうNISAの説明のように指輪を差し出す人に,,インアン,https://x.com/inan_erotica,"指輪はきっとプロポーズ用かなと読んだのですが、ちょっと待って。
「○○した方が得」とか「何歳までに○○すべき」とかプレゼンされて、その延長でプロポーズされたら確かに「そうだよな～」ってOKしてしまいそう。でも、うなずいて「しまう」って、勢いに押されて流されているような…。もし私が友達だったら「本当にいいの？大丈夫なの？」とか言ってしまいそう。
ちょっと不安を感じつつも、でも幸せになるかどうかは結局これからの二人次第ですよね。様々な感情が湧き起こった一首で、すごく好きでした。",CC BY-NC-ND 4.0,CC BY-NC-ND 4.0
毎月短歌24,村田真央,https://x.com/maomurataxyz,自選,銅賞,母さんの幽霊がまだここにいて「砂糖が先」と目を光らせる,,田仲トオル,https://x.com/tanankatoru,"亡くなったお母さんから教わったレシピと手順に忠実に料理をしている場面だと思います。お母さんの幽霊がずっと台所にいて、しかも一挙手一投足に目を光らせていることに謎の説得力と緊張感がありました。
お母さんって幾つになっても（もしかすると亡くなった後も）自分の子どものことが心配だろうし、ついつい口を出したくなっちゃうんだろうな。厳しくも愛情深いお母さんだったんだろうな、としみじみ切なく感じた歌でした。",CC BY-NC-ND 4.0,CC BY-NC-ND 4.0
毎月短歌24,村田真央,https://x.com/maomurataxyz,自選,銅賞,カニカマの片側裂いてひらひらのしっぽを作る（泳いでいいよ）,,サ行,https://x.com/Ns4HhpKEzA10870,一読してかわいらしい短歌だな、と思ったのですが、これもちょっと待って。カニカマって原材料は魚なのに蟹に似せて成形した食べ物で、それなのにまたしっぽを作って「泳いでいいよ」？もしかしてちょっと怖い歌？と私は読みました。例えば子どもの頃など、無邪気ゆえに残酷なことをしてしまった経験が誰しもあるかと思います。やわらかで優しい文体で包んだ中に、はっとさせられる気付きがある奥の深い短歌で、とても好きでした。,CC BY-NC-ND 4.0,CC BY-NC-ND 4.0
毎月短歌24,村田真央,https://x.com/maomurataxyz,自選,銅賞,起きぬけに塩むすびほおばる これは今日あとで泣くぶんの塩分,,萎竹,https://x.com/sinachiku_no_yo,"どうしても泣くのを避けられない出来事がこの後待っているんですね。（勝ち目のない告白などをする予定なのかも、と読みました）
訪れる悲しみを予期しているのに、そのことを避けもせず受け止める覚悟で、流れ出てしまうだろう塩分の補給のためにおむすびを食べる人は、本当に偉いし強い。すごい！頑張っておいで！と心の底から応援したくなる短歌でした。帰ってきたらおいしい夕ご飯をたくさん食べさせてあげたい。
また、「なくぶんのえんぶん」の部分が、口に出して読んでみると気持ちよくて、それも何だかかわいくて切なかったです。",CC BY-NC-ND 4.0,CC BY-NC-ND 4.0
毎月短歌24,村田真央,https://x.com/maomurataxyz,自選,銅賞,ユニクロの商品棚でメンズ用ジーンズ蒼くグラデーションす,,宇井モナミ,https://x.com/kijousan,ユニクロに行った際に、商品が整然と畳まれたカラフルな棚を見るのが好きです。メンズ用商品の棚はじっくり見たことがあまりありませんでしたが、初夏はきっと青いジーンズが他の季節よりも多くて、段々と色味が濃くなっていくグラデーションが美しいのでしょうね。店内の光景がぱっと鮮やかに目に浮かび、もうすぐ本格的な夏がやってくるなということが視覚的に感じられる、爽やかな短歌でした。,CC BY-NC-ND 4.0,CC BY-NC-ND 4.0
毎月短歌24,村田真央,https://x.com/maomurataxyz,自選,村田より愛を込めて賞,ホームドアを設置した人のやさしさで成仏できない幽霊がいる,,金井水月,https://x.com/kurage_pancake,"人身事故で亡くなった後に、ホームドアが設置される様子をもし幽霊が見ていたら、やりきれない思いになるでしょうね。自分のことは救ってくれなかったくせに、と。
優しさがまるで無い世界よりも、優しさが存在するのに自分に向けられない世界の方が、より絶望が深いような気がします。
心に突き刺さる、とても痛い短歌でした。",CC BY-NC-ND 4.0,CC BY-NC-ND 4.0
毎月短歌24,村田真央,https://x.com/maomurataxyz,自選,村田より愛を込めて賞,ユニコーンの眉毛に惚れて飛び乗ったロイヤルホストまでと叫んで,,まつのせいじ,https://x.com/seiji_skywalker,"ロイホにどうしても行きたい。今すぐ最速で行きたい。そんなときに選ぶのは、一番眉毛のかっこいいユニコーン！
なんと力強い、説得力とスピード感に溢れた短歌でしょうか。惚れるほどの眉毛を持つユニコーンなら、余計なことを言わずダッシュで連れて行ってくれそうです。食べている間もずっと駐車場で待っていてくれそう。いいなあ、うちにも来てくれないかなあ。",CC BY-NC-ND 4.0,CC BY-NC-ND 4.0
毎月短歌24,村田真央,https://x.com/maomurataxyz,自選,村田より愛を込めて賞,気づいてる、あなたを見てるときわたし角度がとても鈍角だから,,白川楼瑠,https://x.com/Loswell612,"「あなた」から見て鈍角の位置、斜め後ろあたりからいつも「あなた」を見つめているのでしょうか。
読み間違いかもしれませんが、初句の「気づいてる、」は「気づいてる？」の意味で読みました。気付かないでままでいてほしいような、気付いてほしいような。もどかしくも切なすぎる短歌で、すごく好きでした。",CC BY-NC-ND 4.0,CC BY-NC-ND 4.0
毎月短歌24,村田真央,https://x.com/maomurataxyz,自選,村田より愛を込めて賞,爽やかな自死として初夏自室にて積読の上に乗せる檸檬,,久方リンネ,https://x.com/hisakatanote,梶井基次郎「檸檬」のように、この檸檬はきっと爆弾なのですね。自室の窓を開け、初夏の風にカーテンが揺れるとても気持ちのいい日に、読みたかった本と一緒に爆発四散して一瞬で死ぬことができたら、それは最上の幸せなのかも。甘美で爽やかな幻想を抱かせてくれる短歌でした。,CC BY-NC-ND 4.0,CC BY-NC-ND 4.0
毎月短歌24,村田真央,https://x.com/maomurataxyz,自選,村田より愛を込めて賞,くちうつしされた氷菓は何色か問われてわたし夏の水彩,,サ行,https://x.com/Ns4HhpKEzA10870,"素敵！と思わず声が出てしまった短歌でした。
氷菓はすぐに液体になるから、思わず飲み込んでしまうでしょう。何色だったか問われて思いを馳せる時、喉をとおっていった氷菓と自分とが一体化して、水彩画になってしまったかのように鮮やかにみずみずしく感じられる。うまく言語化できないけれど、身体的感覚としてもとても納得できる短歌でした。",CC BY-NC-ND 4.0,CC BY-NC-ND 4.0
毎月短歌24,村田真央,https://x.com/maomurataxyz,自選,村田より愛を込めて賞,海鮮丼待ってる君の表情が写ルンですの暗がりにある,,村川愉季,https://x.com/sonatine_yuki,"「写ルンです」を使用していた時代は、今と違って写真の仕上がりをその場で確認することができませんでしたね。現像された写真の色味は現実の世界よりもちょっと濃く見えたような覚えがあります。
「海鮮丼待ってる君」はもしかしたら隅の方に思いがけず写ってしまったのかもしれませんが、きっとわくわくとした表情をしていて、これからもその顔でずっとそこにいてくれるのでしょう。懐かしいような切ないような、素敵な短歌でした。",CC BY-NC-ND 4.0,CC BY-NC-ND 4.0
毎月短歌24,村田真央,https://x.com/maomurataxyz,自選,村田より愛を込めて賞,きみの揺らす現像液は羊水のようだわたしを何度も産んで,,はるかぜ,https://x.com/spring_bird_gr,"こちらはおそらく主体の大切な人である「きみ」が写真の現像をしている場面のようです。写真には「きみ」が撮った「わたし」が写っていて、何枚も何枚も現像されるたびに、「きみ」の手から「わたし」が産み落とされる。まるで「きみ」は「わたし」の創造主のようです。
とても甘美で幻想的で、官能的な光景。ただよう美しい空気に飲まれてしまいそうな短歌でした。",CC BY-NC-ND 4.0,CC BY-NC-ND 4.0
毎月短歌24,村田真央,https://x.com/maomurataxyz,自選,村田より愛を込めて賞,娘らはもう使わないメリットが家族の残量みたいな風呂場,,木ノ宮むじな,https://x.com/rebelxduck,"子どもの頃、実家のシャンプーが確かにメリットだった時期があったのですが、いつのまにか使わなくなってしまいました。成長するにつれてもっと大人っぽいシャンプーにしてみたくなったし、友達に「メリット使ってる」って話すのがなんだか恥ずかしい時期があったから。（花王さんすみません）
娘さんたちの巣立ちの時期はゆっくりと近づいているのでしょうね。家族の成長が嬉しくもどこか淋しい、とても共感できる短歌でした。",CC BY-NC-ND 4.0,CC BY-NC-ND 4.0
毎月短歌24,村田真央,https://x.com/maomurataxyz,自選,村田より愛を込めて賞,私書箱があったらいいな私書箱の手紙を取りにいくときの靴,,宇祖田都子,https://x.com/Shinnsyutu2020,"「私書箱」という言葉には少し憧れがあります。「自分だけに宛てた手紙が届く場所」というイメージが、言葉から想起されるからでしょうか。
私だったら私書箱に手紙を取りに行くときは、歩くと軽やかな音のする、踵のある靴を履いて行きたいなと思いました。あれこれ想像するのがとても楽しかったです。",CC BY-NC-ND 4.0,CC BY-NC-ND 4.0
毎月短歌24,村田真央,https://x.com/maomurataxyz,自選,村田より愛を込めて賞,暗闇に目がなれるまでそばにいて白紫陽花のうなじの焔,,よしなに,https://x.com/yoshinani_tanka,今回投稿された短歌を読ませていただいた中で、目に浮かんだ情景が一番美しかったです。暗闇の中で、少しうなだれたように咲く白紫陽花がぼうっと優しく光るような…。「目がなれるまで」がとても限定的な短い時間で、数秒だけ美しい夢の中にいることができるような、儚くも幻想的な短歌だなと感じました。,CC BY-NC-ND 4.0,CC BY-NC-ND 4.0
毎月短歌24,森本有,https://x.com/forest_book_san,三首,特選,窓からは凪の夏風ジュディマリの懐かしい曲静かに鳴って デジタルのsec表示 像だけが一秒前を優しく許す 炭酸でアルコールばかり薄くして未だに夢がわからずにいる,7/6（日）午前0時15分,みぎひと,https://x.com/okanocoelacanth,"特選：
7/6（日）午前0時15分 / みぎひと

タイトルの時刻から心の静けさが匂ってくるような連作でした。
それぞれの歌に劇的な事件はないけれど、やわらかい諦念や、淡く残る希望が、そっと積み重ねられていて、好きです。

窓からは凪の夏風ジュディマリの懐かしい曲静かに鳴って

みぎひと
それぞれの読み手が自分だけ持っている思い出を静かに思い出せるような素敵な歌です。曲名は明記されずに「懐かしい曲」とされているのも、聴き手によっていろんな記憶が蘇るような、良いぼかし方です。

デジタルのsec表示 像だけが一秒前を優しく許す

みぎひと
この歌が一番好きでした。画面に残る残像をイメージしつつ、「一秒前を優しく許す」って、すごく不思議な言葉なんだけど、なんだか信じられる。
誰も見ていなくても、確かに「いま」が次の「いま」に更新されていくこと、それ自体がやさしさなのかもしれないな、と思いました。",CC BY-NC-ND 4.0,CC BY-NC-ND 4.0
毎月短歌24,森本有,https://x.com/forest_book_san,三首,準特選,空き缶になれば良かった 拒まれた日の翌朝の川縁をゆく  からっぽを埋める水とか小魚のコロニー そこに意志がなくても  満たされることをよろこぶ素直さを受け容れて、手放せば いつしか,素直な容れ物,村崎残滓,https://x.com/murasaki_zanshi,"準特選（その1）：
素直な容れ物 / 村崎残滓

捨てられたり空っぽだったりすることを強く望んでいながら、一方で強く否定しているような、不思議な連作でした。

空き缶になれば良かった　拒まれた日の翌朝の川縁をゆく

村崎残滓
この一首で、もう全部わかってしまう気がしました。
「空き缶になれば良かった」って、変だけどすごく強い願いですよね。
この独白のトーンが、最後までぶれずに続いていくのが面白くも悲しいような気がします。

満たされることをよろこぶ素直さを受け容れて、手放せば　いつしか

村崎残滓
連作を読み終えたときに、心に残るのはこの「手放す」という語でした。
受け容れること、手放すこと、ただ素直であること。その難しさと美しさがこの連作の肝にあるような気がしました。",CC BY-NC-ND 4.0,CC BY-NC-ND 4.0
毎月短歌24,森本有,https://x.com/forest_book_san,三首,準特選,誰からも嫌われなかったレモンサワー出会ったときに恋人がいた ハニーレモン 甘酸っぱさにさよならを告げれば苦さ残す秋風 絞るたび出てくるハンドクリームの檸檬あなたがまだ胸にいる,れもん,真朱,https://x.com/l0vemash,"準特選（その2）：
れもん / 真朱

レモンというモチーフのもとに、出会いと別れ、残された気持ちが静かに整理されていくような連作でした。
過剰な感情に頼らず、ちょうどよい温度で心に触れてくる作品だと感じました。

誰からも嫌われなかったレモンサワー出会ったときに恋人がいた

真朱
この歌の「レモンサワー」がいいですよね。明るくて、でも少しだけ哀しいものとして飲み込まれているのが好きです。
「恋人がいた」という小さな事実の提示に、たくさんの感情が含まれていて、上手い歌だと思いました。

絞るたび出てくるハンドクリームの檸檬あなたがまだ胸にいる

真朱
匂いって、記憶とつながりやすいんですよね。
ハンドクリームの中身は毎回同じ匂いをさせながら出てきて、毎回主体に「あなた」を思い出させます。
そういう感覚の扱い方が、無理なく自然に織り込まれていて、好きな歌です。",CC BY-NC-ND 4.0,CC BY-NC-ND 4.0
毎月短歌24,吉村のぞみ,https://x.com/mechanobiru,三首,特選,シナリオもできてないのに声優と発売日だけもう決まってるえらい人の思いつきで膨らむ工数もはやおまえが悪役令嬢納品が全部終わったすぐ後に信じられない誤字が見つかる,クロックワーク,汐留ライス,https://x.com/RCodome,"ゲームの制作会社などで働いている場面と読みました。そういったクリエイティブな世界には明るくないのですが、現場の様子が伝わってきます。タイトル「クロックワーク」にはぜんまいじかけ、規則正しいことや正確なことという意味があるそうです。（参考：weblio辞書国語）
一首目、通常声優が先に決まるのかシナリオが先にできるのかは存じ上げないのですが、とんでもなく大変そうな予感がします。発売日から逆算すると……などと考えると、作品ができるまでの工程も期間もわたしは何も知らないのに、血の気が引いていきそうな感覚になりました。
二首目、6・6・8・7・8（35音）の破調になっています。字余りによって工数が膨らむ様子が表現されていると捉えました。一首目と三首目が定型どおりだからこそ、二首目の破調が際立っている印象です。この歌は「悪役令嬢」という言葉のパンチが強いですが、その陰でえらい人をしれっと「おまえ」呼ばわりしているのも面白いなと思いました。
三首目、またもや血の気が引いていきそうな一首。これから修正の作業などが始まるのでしょうか。気が遠くなりそうなところでぷつりと終わる連作の構成も好みでした。",CC BY-NC-ND 4.0,CC BY-NC-ND 4.0
毎月短歌24,吉村のぞみ,https://x.com/mechanobiru,三首,準特選,ハム太郎、足りていますか。向日葵の種と愛する人の幸せハム太郎、泣いていますか。綺麗事が祈りに変わる夜の深さにハム太郎、呼んでいますか。思い出の匂いばかりの毛布を抱いて,ハム太郎,川瀬十萠子,https://x.com/nagikawase,"「ハム太郎」は2000年〜2013年に放送されていたアニメ『とっとこハム太郎』シリーズの主人公のハムスターとして読みました。（なお漫画版は未読ですが、アニメ版と設定が異なるようです）
三首とも「ハム太郎、〜いますか。」から始まる一連で、二句目にはそれぞれ異なる動詞が入ります。その動詞の選択がどれも繊細で胸がキュッとなる感覚がありました。
一首目、「ハム太郎、足りていますか。向日葵の種」までは飼い主から動物への愛情のようなものを思わせます。四句目以降でハム太郎自身の愛する人の存在が描写され、いっそうハム太郎を愛おしく思うようなつくりになっています。
三首目、毛布を抱いているのは人間と読みました。「思い出の匂いばかりの」とあるので、飼い主はもう大人になっているのかもしれません（アニメ版の飼い主は「ロコちゃん」という小学五年生の女の子でした）。温かく切ない一連です。",CC BY-NC-ND 4.0,CC BY-NC-ND 4.0
毎月短歌24,吉村のぞみ,https://x.com/mechanobiru,三首,佳作,ことばにはならないものが多すぎて空を四角に切り取ってみるいきますか・いかないですか　霧のなか夢の入り口に立つ紫陽花もうしばらくはここにいて雲間から荷物がとどくのを待っている,雲間から,月夜の雨,https://x.com/moonnight_rain,"曖昧な感情を掬いとるような一連です。「空」「霧」「雲間」などの気象と主体の心とが無理なく重ね合わされていて惹かれました。
二首目、「いかないですか」や下句の句跨りなどやや舌足らずな印象で、それがかえって味わい深いです。人間でない存在からの呼びかけなのかもしれません。
三首目、「雲間から荷物が届く」は比喩的な描写と読みました。梅雨の晴れ間のある日に荷物が届くという捉え方もできそうです。
底抜けに明るい一連というわけではないのですが、二首目に霧、三首目に雲間を詠み込むことで、青空の予感で終わるという構成になっています。また、全体の漢字とひらがなのバランスも好きでした。",CC BY-NC-ND 4.0,CC BY-NC-ND 4.0
毎月短歌24,吉村のぞみ,https://x.com/mechanobiru,三首,佳作,少なくなると妻が水道水を足しJOYが大して仕事をしない泡ハンドソープすこすこ音を立て最後に近い泡振り絞る詰め替えを必要な分買い込んでカルディのエコバッグちぎれそう,カルディのエコバッグ,梅鶏,https://x.com/ume_dori,"日常の何気ない一幕を切り取った、生活感に溢れた一連。タイトルにもなっている「カルディ」は、コーヒー豆や（ちょっとおしゃれな）輸入食品を扱う専門店です。そこに食品ではなくて洗剤を入れるという描写が、いかにも生活という印象です。
一首目、「少なくなると〜」は妻のキャラクターが立っているなと思います。残りわずかになったJOY（食器用洗剤）の容器に水を入れる家族。最後まで使い切るための行動だと分かるけれど、かえって使いづらくなるもどかしさが伝わってきます。洗剤を薄めすぎると泡立たなくなりますよね。こんなに足したらほとんど水じゃないか……という主体の声が聞こえてきそうです。
二首目、泡で出るタイプのハンドソープがのこりわずかになったようです。「すこすこ」というオノマトペが本当にそうで、共感しました。",CC BY-NC-ND 4.0,CC BY-NC-ND 4.0